,name,company,year,Price,kms_driven,fuel_type
0,Hyundai Santro Xing,Hyundai,2007,80000,45000,Petrol
1,Mahindra Jeep CL550,Mahindra,2006,425000,40,Diesel
2,Hyundai Grand i10,Hyundai,2014,325000,28000,Petrol
3,Ford EcoSport Titanium,Ford,2014,575000,36000,Diesel
4,Ford Figo,Ford,2012,175000,41000,Diesel
5,Hyundai Eon,Hyundai,2013,190000,25000,Petrol
6,Ford EcoSport Ambiente,Ford,2016,830000,24530,Diesel
7,Maruti Suzuki Alto,Maruti,2015,250000,60000,Petrol
8,Skoda Fabia Classic,Skoda,2010,182000,60000,Petrol
9,Maruti Suzuki Stingray,Maruti,2015,315000,30000,Petrol
10,Hyundai Elite i20,Hyundai,2014,415000,32000,Petrol
11,Mahindra Scorpio SLE,Mahindra,2015,320000,48660,Diesel
12,Hyundai Santro Xing,Hyundai,2007,80000,45000,Petrol
13,Mahindra Jeep CL550,Mahindra,2006,425000,40,Diesel
14,Audi A8,Audi,2017,1000000,4000,Petrol
15,Audi Q7,Audi,2014,500000,16934,Diesel
16,Mahindra Scorpio S10,Mahindra,2016,350000,43000,Diesel
17,Maruti Suzuki Alto,Maruti,2014,160000,35550,Petrol
18,Mahindra Scorpio S10,Mahindra,2016,350000,43000,Diesel
19,Mahindra Scorpio S10,Mahindra,2016,310000,39522,Diesel
20,Maruti Suzuki Alto,Maruti,2015,75000,39000,Petrol
21,Hyundai i20 Sportz,Hyundai,2012,100000,55000,Petrol
22,Hyundai i20 Sportz,Hyundai,2012,100000,55000,Petrol
23,Hyundai i20 Sportz,Hyundai,2012,100000,55000,Petrol
24,Maruti Suzuki Alto,Maruti,2017,190000,72000,Petrol
25,Maruti Suzuki Vitara,Maruti,2016,290000,15975,Diesel
26,Maruti Suzuki Alto,Maruti,2008,95000,70000,Petrol
27,Mahindra Bolero DI,Mahindra,2017,180000,23452,Diesel
28,Maruti Suzuki Swift,Maruti,2014,385000,35522,Diesel
29,Mahindra Scorpio S10,Mahindra,2015,250000,48508,Diesel
30,Maruti Suzuki Swift,Maruti,2017,180000,15487,Petrol
31,Maruti Suzuki Wagon,Maruti,2013,105000,39000,Petrol
32,Maruti Suzuki Wagon,Maruti,2013,105000,39000,Petrol
33,Toyota Innova 2.0,Toyota,2012,650000,82000,Diesel
34,Renault Lodgy 85,Renault,2018,689999,20000,Diesel
35,Skoda Yeti Ambition,Skoda,2012,448000,68000,Diesel
36,Maruti Suzuki Baleno,Maruti,2017,549000,32000,Diesel
37,Renault Duster 110,Renault,2012,501000,38000,Diesel
38,Renault Duster 85,Renault,2013,489999,27000,Diesel
39,Honda City 1.5,Honda,2011,280000,33000,Petrol
40,Maruti Suzuki Alto,Maruti,2015,250000,60000,Petrol
41,Maruti Suzuki Dzire,Maruti,2013,349999,46000,Diesel
42,Honda Amaze,Honda,2013,284999,46000,Diesel
43,Honda Amaze 1.5,Honda,2015,345000,36000,Diesel
44,Honda City,Honda,2015,499999,55000,Petrol
45,Maruti Suzuki SX4,Maruti,2010,249999,36000,Petrol
46,Mahindra Bolero DI,Mahindra,2017,180000,23452,Diesel
47,Maruti Suzuki Swift,Maruti,2014,385000,35522,Diesel
48,Mahindra Scorpio S10,Mahindra,2015,250000,48508,Diesel
49,Maruti Suzuki Swift,Maruti,2017,180000,15487,Petrol
50,Maruti Suzuki Wagon,Maruti,2013,105000,39000,Petrol
51,Maruti Suzuki Wagon,Maruti,2013,105000,39000,Petrol
52,Mahindra Scorpio S10,Mahindra,2015,395000,35000,Diesel
53,Maruti Suzuki Swift,Maruti,2017,220000,30874,Petrol
54,Honda City ZX,Honda,2017,170000,15000,Diesel
55,Maruti Suzuki Wagon,Maruti,2013,85000,29685,Petrol
56,Ford Figo,Ford,2012,175000,41000,Diesel
57,Hyundai Eon,Hyundai,2013,190000,25000,Petrol
58,Tata Indigo eCS,Tata,2017,200000,130000,Diesel
59,Ford EcoSport Ambiente,Ford,2016,830000,24530,Diesel
60,Tata Indigo eCS,Tata,2017,200000,130000,Diesel
61,Mahindra Scorpio SLE,Mahindra,2012,570000,19000,Diesel
62,Volkswagen Polo Highline,Volkswagen,2014,315000,60000,Petrol
63,Skoda Fabia Classic,Skoda,2010,182000,60000,Petrol
64,Maruti Suzuki Stingray,Maruti,2015,315000,30000,Petrol
65,Chevrolet Spark LS,Chevrolet,2010,110000,41000,Petrol
66,Renault Duster 110PS,Renault,2012,501000,35000,Diesel
67,Honda City,Honda,2015,448999,54000,Petrol
68,Skoda Fabia 1.2L,Skoda,2011,159500,38200,Diesel
69,Honda Amaze,Honda,2015,344999,22000,Petrol
70,Honda Amaze,Honda,2015,344999,22000,Petrol
71,Renault Duster,Renault,2014,449999,50000,Diesel
72,Mahindra Scorpio S4,Mahindra,2015,865000,30000,Diesel
73,Mahindra Scorpio VLX,Mahindra,2014,699000,50000,Diesel
74,Mahindra Quanto C8,Mahindra,2013,375000,20000,Diesel
75,Ford EcoSport,Ford,2017,489999,39000,Petrol
76,Honda Brio,Honda,2012,224999,30000,Petrol
77,Volkswagen Vento Highline,Volkswagen,2019,1200000,3600,Diesel
78,Hyundai i20 Magna,Hyundai,2009,195000,32000,Petrol
79,Toyota Corolla Altis,Toyota,2010,351000,38000,Diesel
80,Hyundai Verna Transform,Hyundai,2008,160000,45000,Petrol
81,Toyota Corolla Altis,Toyota,2009,240000,35000,Petrol
82,Honda City 1.5,Honda,2005,90000,50000,Petrol
83,Hyundai Elite i20,Hyundai,2014,415000,32000,Petrol
84,Skoda Fabia 1.2L,Skoda,2011,155000,45863,Diesel
85,Maruti Suzuki A,Maruti,2011,189500,12500,Petrol
86,Toyota Etios GD,Toyota,2013,350000,60000,Diesel
87,Ford Figo Diesel,Ford,2012,210000,35000,Diesel
88,Maruti Suzuki Swift,Maruti,2014,390000,35000,Petrol
89,Chevrolet Beat LT,Chevrolet,2012,135000,45000,Diesel
90,Mahindra XUV500 W8,Mahindra,2013,701000,38000,Diesel
91,Hyundai i10 Magna,Hyundai,2014,265000,18000,Petrol
92,Hyundai Verna Fluidic,Hyundai,2015,525000,35000,Diesel
93,Maruti Suzuki Swift,Maruti,2013,372000,13349,Petrol
94,Maruti Suzuki Ertiga,Maruti,2016,635000,29000,Petrol
95,Ford EcoSport Titanium,Ford,2014,550000,44000,Diesel
96,Maruti Suzuki Ertiga,Maruti,2016,575000,29000,Petrol
97,Maruti Suzuki Ertiga,Maruti,2013,485000,42000,Diesel
98,Maruti Suzuki Alto,Maruti,2012,155000,14000,Petrol
99,Hyundai Grand i10,Hyundai,2014,345000,49000,Diesel
100,Honda Amaze 1.2,Honda,2014,325000,42000,Petrol
101,Hyundai i20 Asta,Hyundai,2012,329500,36200,Diesel
102,Ford Figo Diesel,Ford,2014,195000,50000,Diesel
103,Maruti Suzuki Eeco,Maruti,2015,251111,55000,Petrol
104,Maruti Suzuki Ertiga,Maruti,2014,569999,45000,Petrol
105,Maruti Suzuki Esteem,Maruti,2007,69999,51000,Petrol
106,Maruti Suzuki Ritz,Maruti,2014,299999,19000,Petrol
107,Maruti Suzuki Dzire,Maruti,2009,220000,46000,Petrol
108,Maruti Suzuki Ritz,Maruti,2013,399999,33000,Diesel
109,Maruti Suzuki Swift,Maruti,2013,372000,13349,Petrol
110,Maruti Suzuki Dzire,Maruti,2015,450000,104000,Diesel
111,Toyota Etios Liva,Toyota,2014,270000,55000,Petrol
112,Hyundai i20 Sportz,Hyundai,2011,350000,33333,Diesel
113,Chevrolet Spark,Chevrolet,2012,158400,33600,Petrol
114,Maruti Suzuki Alto,Maruti,2017,350000,5600,Petrol
115,Maruti Suzuki Swift,Maruti,2007,125000,70000,Petrol
116,Maruti Suzuki Alto,Maruti,2018,200000,7500,Petrol
117,Honda Amaze 1.5,Honda,2013,299000,45000,Diesel
118,Maruti Suzuki Alto,Maruti,2015,220000,38000,Petrol
119,Chevrolet Beat,Chevrolet,2015,150000,30000,Petrol
120,Honda City 1.5,Honda,2010,285000,35000,Petrol
121,Ford EcoSport Trend,Ford,2016,830000,24330,Diesel
122,Hyundai i20 Asta,Hyundai,2009,210000,65480,Petrol
123,Maruti Suzuki Swift,Maruti,2013,340000,41000,Petrol
124,Tata Indica V2,Tata,2006,90000,20000,Petrol
125,Toyota Corolla Altis,Toyota,2010,289999,70000,Petrol
126,Toyota Corolla Altis,Toyota,2012,349999,59000,Petrol
127,Toyota Innova 2.5,Toyota,2012,849999,99000,Diesel
128,Volkswagen Jetta Highline,Volkswagen,2014,749999,46000,Diesel
129,Volkswagen Polo Comfortline,Volkswagen,2015,399999,2800,Petrol
130,Volkswagen Polo,Volkswagen,2014,274999,32000,Petrol
131,Mahindra Scorpio,Mahindra,2015,984999,22000,Diesel
132,Renault Duster,Renault,2014,449999,50000,Diesel
133,Honda Amaze,Honda,2015,344999,22000,Petrol
134,Hyundai Elite i20,Hyundai,2018,599999,21000,Petrol
135,Renault Kwid,Renault,2016,244999,11000,Petrol
136,Renault Duster,Renault,2013,399999,41000,Diesel
137,Ford EcoSport,Ford,2017,489999,39000,Petrol
138,Renault Duster,Renault,2014,474999,50000,Diesel
139,Mahindra Scorpio VLX,Mahindra,2011,499999,66000,Diesel
140,Maruti Suzuki Alto,Maruti,2018,310000,3000,Petrol
141,Chevrolet Spark LT,Chevrolet,2010,85000,45000,Petrol
142,Maruti Suzuki Swift,Maruti,2010,189500,38500,Diesel
143,Maruti Suzuki Swift,Maruti,2010,159500,43200,Diesel
144,Toyota Etios GD,Toyota,2013,275000,24800,Petrol
145,Hyundai i20 Sportz,Hyundai,2014,370000,60000,Diesel
146,Hyundai i10 Sportz,Hyundai,2010,168000,45872,Petrol
147,Chevrolet Beat LT,Chevrolet,2011,150000,40000,Diesel
148,Chevrolet Beat LS,Chevrolet,2011,145000,45000,Diesel
149,Chevrolet Beat LT,Chevrolet,2012,98500,38000,Diesel
150,Mahindra Scorpio VLX,Mahindra,2014,699000,50000,Diesel
151,Tata Indigo CS,Tata,2011,85000,11400,Diesel
152,Toyota Corolla Altis,Toyota,2015,575000,42000,Petrol
153,Honda City 1.5,Honda,2014,549000,39000,Petrol
154,Maruti Suzuki Swift,Maruti,2011,209000,47000,Diesel
155,Hyundai Eon Era,Hyundai,2013,185000,27000,Petrol
156,Mahindra Scorpio S10,Mahindra,2015,900000,97200,Diesel
157,Mahindra XUV500,Mahindra,2014,699999,52000,Diesel
158,Honda Brio,Honda,2012,224999,30000,Petrol
159,Ford Fiesta,Ford,2011,274999,55000,Diesel
160,Honda Amaze,Honda,2013,284999,46000,Diesel
161,Honda City,Honda,2015,599999,30000,Diesel
162,Maruti Suzuki Wagon,Maruti,2012,199999,44000,Petrol
163,Honda City,Honda,2014,544999,45000,Diesel
164,Hyundai i20,Hyundai,2009,199000,31000,Petrol
165,Tata Indigo eCS,Tata,2016,320000,175430,Diesel
166,Hyundai Fluidic Verna,Hyundai,2015,540000,38000,Diesel
167,Mahindra Quanto C8,Mahindra,2013,340000,37000,Diesel
168,Skoda Fabia 1.2L,Skoda,2011,159500,38200,Diesel
169,Hyundai Santro Xing,Hyundai,2005,49000,7500,Petrol
170,Maruti Suzuki Ciaz,Maruti,2016,700000,3350,Petrol
171,Honda City,Honda,2015,448999,54000,Petrol
172,Hyundai Creta 1.6,Hyundai,2017,895000,32000,Petrol
173,Mahindra Scorpio SLX,Mahindra,2007,355000,75000,Diesel
174,Mahindra Scorpio SLE,Mahindra,2012,565000,62000,Diesel
175,Toyota Innova 2.5,Toyota,2006,365000,73000,Diesel
176,Maruti Suzuki Alto,Maruti,2011,145000,41000,Petrol
177,Maruti Suzuki Wagon,Maruti,2011,210000,35000,Petrol
178,Tata Nano Cx,Tata,2013,40000,2200,Petrol
179,Maruti Suzuki Alto,Maruti,2013,125000,39000,Petrol
180,Maruti Suzuki Wagon,Maruti,2009,135000,45000,Petrol
181,Maruti Suzuki Swift,Maruti,2006,135000,45000,Petrol
182,Tata Sumo Victa,Tata,2012,285000,65000,Diesel
183,Maruti Suzuki Wagon,Maruti,2010,145000,54870,Petrol
184,Maruti Suzuki Alto,Maruti,2010,135000,34580,Petrol
185,Volkswagen Passat Diesel,Volkswagen,2009,450000,97000,Diesel
186,Renault Scala RxL,Renault,2015,375000,25000,Diesel
187,Mahindra Quanto C8,Mahindra,2013,375000,20000,Diesel
188,Hyundai Grand i10,Hyundai,2014,365000,20000,Petrol
189,Hyundai i20 Active,Hyundai,2015,500000,18000,Petrol
190,Mahindra Xylo E4,Mahindra,2012,400000,35000,Diesel
191,Mahindra Jeep MM,Mahindra,2019,390000,60,Diesel
192,Renault Duster 110PS,Renault,2012,501000,35000,Diesel
193,Mahindra Bolero SLE,Mahindra,2013,330000,80200,Diesel
194,Maruti Suzuki SX4,Maruti,2012,265000,46000,Diesel
195,Mahindra Jeep CL550,Mahindra,2019,379000,0,Diesel
196,Maruti Suzuki Alto,Maruti,2015,219000,5000,Petrol
197,Mahindra Jeep CL550,Mahindra,2018,385000,588,Diesel
198,Toyota Etios,Toyota,2011,275000,36000,Diesel
199,Volkswagen Polo,Volkswagen,2015,330000,38000,Diesel
200,Honda City ZX,Honda,2008,110000,45000,Petrol
201,Maruti Suzuki Wagon,Maruti,2006,80000,71200,Petrol
202,Honda City VX,Honda,2016,519000,52000,Diesel
203,Mahindra Thar CRDe,Mahindra,2016,730000,29000,Diesel
204,Audi A4 1.8,Audi,2009,699000,47000,Petrol
205,Renault Kwid RXT,Renault,2017,340000,5000,Petrol
206,Tata Aria Pleasure,Tata,2014,390000,35000,Diesel
207,Tata Indigo eCS,Tata,2016,320000,175430,Diesel
208,Tata Indigo eCS,Tata,2016,320000,175400,Diesel
209,Honda Jazz VX,Honda,2016,450000,41000,Petrol
210,Honda Amaze 1.2,Honda,2014,311000,33000,Petrol
211,Honda Amaze,Honda,2013,284999,46000,Diesel
212,Honda City,Honda,2012,399999,45000,Petrol
213,Honda City,Honda,2015,599999,39000,Diesel
214,Honda Amaze,Honda,2015,344999,22000,Petrol
215,Audi A4 1.8,Audi,2009,699000,47000,Petrol
216,Mahindra Scorpio S4,Mahindra,2015,855000,30000,Diesel
217,Hyundai i20 Active,Hyundai,2015,535000,37000,Diesel
218,Maruti Suzuki Ciaz,Maruti,2017,699000,14000,Petrol
219,Chevrolet Tavera Neo,Chevrolet,2013,375000,55000,Diesel
220,Honda Amaze,Honda,2013,284999,46000,Diesel
221,Hyundai Eon Sportz,Hyundai,2012,178000,30000,Petrol
222,Tata Sumo Gold,Tata,2013,300000,50000,Diesel
223,Maruti Suzuki Wagon,Maruti,2003,90000,45000,Petrol
224,Maruti Suzuki Esteem,Maruti,2006,95000,45000,Petrol
225,Maruti Suzuki Eeco,Maruti,2015,255000,9300,Petrol
226,Chevrolet Enjoy 1.4,Chevrolet,2013,245000,55000,Diesel
227,Hyundai i20 Asta,Hyundai,2012,329500,36200,Diesel
228,Ford Figo Diesel,Ford,2014,195000,50000,Diesel
229,Maruti Suzuki Eeco,Maruti,2015,251111,55000,Petrol
230,Maruti Suzuki Ertiga,Maruti,2014,569999,45000,Petrol
231,Maruti Suzuki Esteem,Maruti,2007,69999,51000,Petrol
232,Maruti Suzuki Ritz,Maruti,2014,299999,19000,Petrol
233,Maruti Suzuki Dzire,Maruti,2009,220000,46000,Petrol
234,Maruti Suzuki Ritz,Maruti,2013,399999,33000,Diesel
235,Maruti Suzuki SX4,Maruti,2010,249999,36000,Petrol
236,Maruti Suzuki Wagon,Maruti,2015,289999,22000,Petrol
237,Renault Duster 85,Renault,2013,489999,27000,Diesel
238,Renault Duster 85,Renault,2014,489999,59000,Diesel
239,Renault Duster 85,Renault,2015,549999,19000,Diesel
240,Maruti Suzuki Dzire,Maruti,2013,380000,30000,Petrol
241,Renault Kwid RXT,Renault,2018,325000,15000,Petrol
242,Maruti Suzuki Maruti,Maruti,2003,57000,56758,Petrol
243,Renault Kwid 1.0,Renault,2018,349999,10000,Petrol
244,Renault Lodgy 85,Renault,2018,689999,20000,Diesel
245,Renault Scala RxL,Renault,2014,349999,49000,Diesel
246,Hyundai Grand i10,Hyundai,2014,410000,41000,Petrol
247,Maruti Suzuki Swift,Maruti,2011,225000,45000,Petrol
248,Chevrolet Beat LS,Chevrolet,2010,120000,43000,Petrol
249,Tata Indigo eCS,Tata,2016,320000,175430,Diesel
250,Hyundai Fluidic Verna,Hyundai,2015,540000,38000,Diesel
251,Chevrolet Beat LS,Chevrolet,2010,80000,56000,Petrol
252,Mahindra Quanto C8,Mahindra,2013,340000,37000,Diesel
253,Chevrolet Beat LS,Chevrolet,2015,220000,32700,Petrol
254,Skoda Fabia 1.2L,Skoda,2011,159500,38200,Diesel
255,Ford EcoSport Titanium,Ford,2016,599000,30000,Diesel
256,Hyundai Accent GLX,Hyundai,2006,80000,56000,Petrol
257,Mahindra TUV300 T4,Mahindra,2016,675000,9000,Diesel
258,Tata Indica V2,Tata,2008,150000,11000,Petrol
259,Tata Indigo CS,Tata,2009,72500,46000,Diesel
260,Maruti Suzuki Swift,Maruti,2019,610000,73,Petrol
261,Mahindra Scorpio VLX,Mahindra,2004,230000,160000,Diesel
262,Honda Accord,Honda,2009,175000,58559,Petrol
263,Mahindra Scorpio S4,Mahindra,2015,855000,30000,Diesel
264,Chevrolet Tavera Neo,Chevrolet,2013,375000,55000,Diesel
265,Ford EcoSport Titanium,Ford,2014,520000,57000,Diesel
266,Maruti Suzuki Ertiga,Maruti,2015,524999,50000,Diesel
267,Honda Amaze,Honda,2014,299999,37000,Petrol
268,Maruti Suzuki Dzire,Maruti,2012,299999,40000,Petrol
269,Honda City,Honda,2011,284999,55000,Petrol
270,Mahindra Scorpio 2.6,Mahindra,2007,220000,170000,Diesel
271,Maruti Suzuki Dzire,Maruti,2014,424999,55000,Diesel
272,Honda City,Honda,2015,644999,39000,Petrol
273,Honda Mobilio,Honda,2014,399999,44000,Petrol
274,Toyota Corolla Altis,Toyota,2009,199999,65000,Petrol
275,Honda City,Honda,2014,584999,39000,Petrol
276,Skoda Laura,Skoda,2012,349999,44000,Diesel
277,Renault Duster,Renault,2015,449999,49000,Diesel
278,Maruti Suzuki Ertiga,Maruti,2018,799999,9000,Diesel
279,Maruti Suzuki Dzire,Maruti,2015,444999,45000,Diesel
280,Mahindra XUV500,Mahindra,2014,649999,47000,Diesel
281,Hyundai Verna Fluidic,Hyundai,2012,444999,40000,Diesel
282,Maruti Suzuki Vitara,Maruti,2016,689999,29000,Diesel
283,Maruti Suzuki Wagon,Maruti,2016,344999,15000,Petrol
284,Mahindra Scorpio,Mahindra,2015,944999,45000,Diesel
285,Honda Amaze,Honda,2014,274999,35000,Petrol
286,Mahindra XUV500,Mahindra,2013,689999,80000,Diesel
287,Mahindra Scorpio,Mahindra,2013,574999,68000,Diesel
288,Skoda Laura,Skoda,2013,374999,50000,Diesel
289,Volkswagen Polo,Volkswagen,2010,199999,60000,Diesel
290,Hyundai Elite i20,Hyundai,2016,549999,9000,Petrol
291,Tata Manza Aura,Tata,2012,130000,72000,Diesel
292,Chevrolet Sail UVA,Chevrolet,2013,210000,60000,Petrol
293,Renault Duster 110,Renault,2012,501000,38000,Diesel
294,Hyundai Verna Fluidic,Hyundai,2013,401000,45000,Diesel
295,Audi A4 2.0,Audi,2012,1350000,40000,Diesel
296,Hyundai Elantra SX,Hyundai,2013,600000,20000,Petrol
297,Mahindra Scorpio VLX,Mahindra,2013,610000,35000,Diesel
298,Mahindra KUV100 K8,Mahindra,2016,400000,20000,Diesel
299,Renault Scala RxL,Renault,2015,375000,25000,Diesel
300,Mahindra Quanto C8,Mahindra,2013,375000,20000,Diesel
301,Hyundai Grand i10,Hyundai,2014,365000,20000,Petrol
302,Hyundai i20 Active,Hyundai,2015,500000,18000,Petrol
303,Mahindra Xylo E4,Mahindra,2012,400000,35000,Diesel
304,Hyundai Grand i10,Hyundai,2017,524999,6821,Petrol
305,Hyundai i20,Hyundai,2014,449999,23000,Petrol
306,Hyundai Eon,Hyundai,2014,174999,14000,Petrol
307,Hyundai i10,Hyundai,2012,244999,38000,Petrol
308,Hyundai i20 Active,Hyundai,2015,574999,35000,Diesel
309,Toyota Etios Liva,Toyota,2011,239999,41000,Petrol
310,Hyundai Accent,Hyundai,2010,99999,45000,Petrol
311,Hyundai Verna,Hyundai,2014,489999,44000,Diesel
312,Maruti Suzuki Swift,Maruti,2013,324999,45000,Diesel
313,Toyota Fortuner,Toyota,2011,1074999,52000,Diesel
314,Hyundai i10 Sportz,Hyundai,2012,230000,34000,Petrol
315,Mahindra Bolero Power,Mahindra,2018,699000,1800,Diesel
316,Mahindra XUV500,Mahindra,2015,1000000,15000,Diesel
317,Honda City 1.5,Honda,2010,240000,400000,Petrol
318,Chevrolet Spark LT,Chevrolet,2009,110000,44000,Petrol
319,Mahindra Jeep MM,Mahindra,2019,390000,60,Diesel
320,Renault Duster 110PS,Renault,2012,501000,35000,Diesel
321,Mahindra XUV500,Mahindra,2016,1130000,72000,Diesel
322,Tata Indigo eCS,Tata,2014,250000,40000,Diesel
323,Mahindra Bolero SLE,Mahindra,2013,330000,80200,Diesel
324,Skoda Rapid Elegance,Skoda,2013,340000,48000,Diesel
325,Tata Vista Quadrajet,Tata,2011,120000,90000,Diesel
326,Maruti Suzuki Alto,Maruti,2015,265000,12000,Petrol
327,Maruti Suzuki SX4,Maruti,2012,265000,46000,Diesel
328,Maruti Suzuki Zen,Maruti,2003,85000,69900,Petrol
329,Mahindra Jeep CL550,Mahindra,2019,379000,0,Diesel
330,Hyundai i10 Magna,Hyundai,2011,175000,45000,Petrol
331,Maruti Suzuki Alto,Maruti,2015,219000,5000,Petrol
332,Maruti Suzuki Swift,Maruti,2016,350000,166000,Diesel
333,Honda City ZX,Honda,2008,149000,42000,Petrol
334,Mahindra Jeep CL550,Mahindra,2018,385000,588,Diesel
335,Mahindra Jeep MM,Mahindra,2006,425000,122,Diesel
336,Chevrolet Beat Diesel,Chevrolet,2017,150000,62000,Diesel
337,Honda City 1.5,Honda,2010,225000,70000,Petrol
338,Hyundai Verna 1.4,Hyundai,2014,375000,36000,Petrol
339,Toyota Innova 2.5,Toyota,2012,770000,0,Diesel
340,Toyota Etios,Toyota,2011,275000,36000,Diesel
341,Volkswagen Polo,Volkswagen,2015,330000,38000,Diesel
342,Maruti Suzuki Swift,Maruti,2014,335000,55000,Diesel
343,Hyundai Elite i20,Hyundai,2015,450000,20000,Diesel
344,Maruti Suzuki Swift,Maruti,2012,225000,40000,Petrol
345,Maruti Suzuki Versa,Maruti,2004,80000,50000,Petrol
346,Tata Indigo LX,Tata,2016,130000,104000,Diesel
347,Volkswagen Vento Konekt,Volkswagen,2011,245000,65000,Diesel
348,Maruti Suzuki Ertiga,Maruti,2013,450000,90000,Diesel
349,Hyundai Santro Xing,Hyundai,2006,75000,46000,Petrol
350,Hyundai Sonata Transform,Hyundai,2017,190000,36469,Diesel
351,Hyundai Elite i20,Hyundai,2018,600000,7800,Petrol
352,Volkswagen Vento Konekt,Volkswagen,2011,245000,65000,Diesel
353,Maruti Suzuki Alto,Maruti,2017,240000,60000,Petrol
354,Maruti Suzuki Alto,Maruti,2011,155000,32000,Petrol
355,Honda Jazz S,Honda,2009,169999,24695,Petrol
356,Hyundai Grand i10,Hyundai,2017,450000,15141,Petrol
357,Mahindra Scorpio W,Mahindra,2012,165000,65000,Diesel
358,Maruti Suzuki Alto,Maruti,2014,270000,22000,Petrol
359,Hyundai Grand i10,Hyundai,2016,280000,59910,Diesel
360,Mahindra XUV500 W8,Mahindra,2012,560000,100000,Diesel
361,Hyundai Creta 1.6,Hyundai,2016,950000,25000,Petrol
362,Hyundai i20 Magna,Hyundai,2013,310000,35000,Petrol
363,Renault Duster 85,Renault,2015,715000,65000,Diesel
364,Hyundai Grand i10,Hyundai,2014,340000,35000,Petrol
365,Honda Brio V,Honda,2012,235000,33000,Petrol
366,Mahindra TUV300 T4,Mahindra,2017,610000,68000,Diesel
367,Chevrolet Spark LS,Chevrolet,2010,95000,23000,Petrol
368,Mahindra TUV300 T8,Mahindra,2018,1000000,4500,Diesel
369,Maruti Suzuki Swift,Maruti,2015,220000,129000,Diesel
370,Maruti Suzuki Alto,Maruti,2015,230000,5000,Petrol
371,Toyota Fortuner 3.0,Toyota,2010,940000,131000,Diesel
372,Tata Manza ELAN,Tata,2010,155555,111111,Petrol
373,Chevrolet Beat LS,Chevrolet,2016,210000,22000,Diesel
374,Ford EcoSport Trend,Ford,2013,495000,38000,Diesel
375,Tata Indigo LS,Tata,2016,125000,70000,Diesel
376,Hyundai i20 Magna,Hyundai,2010,195000,36000,Petrol
377,Volkswagen Vento Highline,Volkswagen,2015,550000,34000,Diesel
378,Renault Kwid RXT,Renault,2015,270000,43000,Petrol
379,Ford EcoSport Titanium,Ford,2014,500000,40000,Diesel
380,Honda Amaze 1.5,Honda,2016,240000,160000,Diesel
381,Hyundai Verna 1.6,Hyundai,2017,800000,12000,Petrol
382,Skoda Superb 1.8,Skoda,2011,530000,68000,Petrol
383,Audi Q3 2.0,Audi,2013,1499000,37000,Diesel
384,Mahindra Bolero DI,Mahindra,2012,220000,59466,Diesel
385,Mahindra Scorpio S10,Mahindra,2015,900000,97200,Diesel
386,Ford Figo Duratorq,Ford,2012,250000,99000,Diesel
387,Maruti Suzuki Wagon,Maruti,2018,395000,25500,Petrol
388,Mahindra Logan Diesel,Mahindra,2009,130000,66000,Petrol
389,Tata Nano GenX,Tata,2010,32000,44005,Petrol
390,Mahindra TUV300 T4,Mahindra,2016,540000,35000,Diesel
391,Mahindra TUV300 T4,Mahindra,2016,540000,35000,Diesel
392,Hyundai Elite i20,Hyundai,2015,405000,28000,Petrol
393,Hyundai Elite i20,Hyundai,2015,400000,30000,Petrol
394,Honda City SV,Honda,2017,760000,4000,Petrol
395,Maruti Suzuki Baleno,Maruti,2016,500000,28000,Petrol
396,Ford Figo Petrol,Ford,2011,175000,75000,Petrol
397,Mahindra Scorpio S10,Mahindra,2015,900000,97200,Diesel
398,Honda City,Honda,2017,750000,3000,Petrol
399,Hyundai Elite i20,Hyundai,2015,419000,20000,Petrol
400,Maruti Suzuki Versa,Maruti,2004,90000,50000,Petrol
401,Hyundai Eon Era,Hyundai,2018,140000,2110,Petrol
402,Hyundai i10 Magna,Hyundai,2008,275000,100200,Petrol
403,Toyota Corolla H2,Toyota,2003,150000,100000,Petrol
404,Maruti Suzuki Swift,Maruti,2011,230000,65,Petrol
405,Tata Indigo CS,Tata,2015,123000,100000,Diesel
406,Mahindra Scorpio S10,Mahindra,2015,900000,97200,Diesel
407,Mahindra Scorpio S10,Mahindra,2015,900000,97200,Diesel
408,Hyundai Xcent Base,Hyundai,2016,300000,140000,Diesel
409,Honda City,Honda,2015,499999,55000,Petrol
410,Hyundai Accent Executive,Hyundai,2009,165000,48000,Petrol
411,Maruti Suzuki Baleno,Maruti,2016,498000,22000,Petrol
412,Tata Zest XE,Tata,2018,480000,103553,Diesel
413,Maruti Suzuki Dzire,Maruti,2017,488000,80000,Diesel
414,Tata Sumo Gold,Tata,2014,250000,99000,Diesel
415,Toyota Corolla Altis,Toyota,2010,220000,58000,Petrol
416,Maruti Suzuki Eeco,Maruti,2013,290000,70000,LPG
417,Toyota Fortuner 3.0,Toyota,2015,1525000,120000,Diesel
418,Mahindra XUV500 W6,Mahindra,2013,548900,49800,Diesel
419,Tata Tigor Revotron,Tata,2019,650000,100,Diesel
420,Maruti Suzuki Ertiga,Maruti,2015,550000,75000,Petrol
421,Maruti Suzuki Versa,Maruti,2004,90000,50000,Petrol
422,Honda Mobilio S,Honda,2014,399000,44000,Diesel
423,Maruti Suzuki Ertiga,Maruti,2016,730000,55000,Diesel
424,Maruti Suzuki Vitara,Maruti,2017,725000,36000,Diesel
425,Hyundai Verna 1.6,Hyundai,2016,195000,56000,Diesel
426,Maruti Suzuki Swift,Maruti,2007,130000,62000,Petrol
427,Toyota Fortuner 3.0,Toyota,2015,1525000,120000,Diesel
428,Maruti Suzuki Omni,Maruti,2014,190000,6020,Petrol
429,Honda Amaze,Honda,2013,250000,55700,Diesel
430,Tata Indica,Tata,2005,80000,42000,Petrol
431,Hyundai Santro Xing,Hyundai,2003,120000,50000,Petrol
432,Maruti Suzuki Zen,Maruti,2010,149000,35000,Petrol
433,Maruti Suzuki Wagon,Maruti,2014,250000,18500,Petrol
434,Maruti Suzuki Wagon,Maruti,2007,120000,7000,Petrol
435,Honda Brio VX,Honda,2017,450000,11000,Petrol
436,Maruti Suzuki Zen,Maruti,2003,99999,53000,Petrol
437,Maruti Suzuki Zen,Maruti,2008,135000,23000,Petrol
438,Maruti Suzuki Wagon,Maruti,2016,225000,35500,Diesel
439,Maruti Suzuki Alto,Maruti,2010,99000,22134,Petrol
440,Renault Kwid RXT,Renault,2019,370000,1000,Petrol
441,Tata Nano Lx,Tata,2010,52000,9000,Petrol
442,Hyundai Eon Magna,Hyundai,2014,190000,35000,Petrol
443,Honda City 1.5,Honda,2014,499000,22000,Petrol
444,Maruti Suzuki Ritz,Maruti,2010,149000,40000,Petrol
445,Hyundai Grand i10,Hyundai,2017,400000,20000,Petrol
446,Hyundai Eon D,Hyundai,2016,120000,87000,Petrol
447,Maruti Suzuki Swift,Maruti,2015,250000,55000,Petrol
448,Maruti Suzuki Wagon,Maruti,2017,375000,23000,Petrol
449,Honda Amaze 1.2,Honda,2014,381000,6000,Petrol
450,Maruti Suzuki Estilo,Maruti,2013,180000,65000,Petrol
451,Maruti Suzuki Vitara,Maruti,2016,580000,25000,Diesel
452,Maruti Suzuki Eeco,Maruti,2015,278000,39000,Petrol
453,Hyundai Creta 1.6,Hyundai,2016,1000000,8000,Petrol
454,Mahindra Scorpio Vlx,Mahindra,2013,690000,75000,Diesel
455,Maruti Suzuki Ertiga,Maruti,2012,480000,51000,Diesel
456,Maruti Suzuki Alto,Maruti,2015,90000,55800,Petrol
457,Hyundai Grand i10,Hyundai,2015,340000,53000,Petrol
458,Hyundai Eon D,Hyundai,2018,260000,25000,Petrol
459,Ford Fiesta SXi,Ford,2009,250000,56400,Petrol
460,Maruti Suzuki Ritz,Maruti,2010,180000,72160,Diesel
461,Hyundai Verna Fluidic,Hyundai,2012,350000,10000,Diesel
462,Maruti Suzuki Wagon,Maruti,2006,90001,48000,Petrol
463,Maruti Suzuki Estilo,Maruti,2007,115000,36000,Petrol
464,Audi A6 2.0,Audi,2012,1599000,11500,Diesel
465,Maruti Suzuki Wagon,Maruti,2003,130000,133000,Petrol
466,Maruti Suzuki Wagon,Maruti,2009,159000,27000,Petrol
467,Maruti Suzuki Wagon,Maruti,2009,160000,35000,Petrol
468,Maruti Suzuki Alto,Maruti,2010,110000,55000,Petrol
469,Maruti Suzuki Baleno,Maruti,2016,425000,40000,Petrol
470,Hyundai Verna 1.6,Hyundai,2019,900000,2000,Petrol
471,Maruti Suzuki Swift,Maruti,2009,150000,45000,Petrol
472,Hyundai Getz Prime,Hyundai,2009,110000,20000,Petrol
473,Hyundai Getz Prime,Hyundai,2009,115000,20000,Petrol
474,Chevrolet Beat PS,Chevrolet,2012,215000,65422,Diesel
475,Ford EcoSport Trend,Ford,2017,580000,10000,Petrol
476,Maruti Suzuki Dzire,Maruti,2013,380000,35000,Petrol
477,Hyundai Fluidic Verna,Hyundai,2013,350000,117000,Diesel
478,Tata Indica V2,Tata,2005,35000,150000,Diesel
479,Hyundai i20 Asta,Hyundai,2010,300000,10750,Petrol
480,Honda City 1.5,Honda,2009,269000,55000,Petrol
481,Tata Nano,Tata,2013,60000,6800,Petrol
482,Chevrolet Cruze LTZ,Chevrolet,2014,400000,41000,Diesel
483,Hyundai Verna Fluidic,Hyundai,2015,430000,73000,Diesel
484,Maruti Suzuki Swift,Maruti,2011,140000,65000,Diesel
485,Mahindra XUV500 W10,Mahindra,2018,1299000,40000,Diesel
486,Maruti Suzuki Alto,Maruti,2014,199000,37000,Petrol
487,Hyundai Accent GLE,Hyundai,2006,90000,55000,Petrol
488,Maruti Suzuki Alto,Maruti,2019,265000,9800,Petrol
489,Chevrolet Spark 1.0,Chevrolet,2011,100000,27000,Petrol
490,Hyundai i10,Hyundai,2009,215000,27000,Petrol
491,Toyota Etios Liva,Toyota,2012,380000,20000,Diesel
492,Renault Duster 85PS,Renault,2013,401919,57923,Diesel
493,Chevrolet Enjoy,Chevrolet,2014,490000,30201,Diesel
494,Maruti Suzuki Alto,Maruti,2017,280000,6200,Petrol
495,Toyota Etios Liva,Toyota,2014,160000,24652,Petrol
496,Mahindra Jeep MM,Mahindra,2004,424000,383,Diesel
497,Chevrolet Beat LS,Chevrolet,2016,225000,95000,Diesel
498,Chevrolet Cruze LTZ,Chevrolet,2011,350000,35000,Diesel
499,Maruti Suzuki Ertiga,Maruti,2013,485000,52500,Diesel
500,Hyundai Verna VGT,Hyundai,2010,205000,47900,Diesel
501,Maruti Suzuki Omni,Maruti,2012,160000,14000,Petrol
502,Maruti Suzuki Celerio,Maruti,2018,310000,37000,Petrol
503,Tata Zest Quadrajet,Tata,2017,180000,90000,Diesel
504,Mahindra XUV500 W6,Mahindra,2013,549900,52800,Diesel
505,Tata Indigo CS,Tata,2016,150000,104000,Diesel
506,Hyundai i10 Era,Hyundai,2011,175000,30000,Petrol
507,Tata Indigo eCS,Tata,2014,95000,195000,Diesel
508,Tata Indigo LX,Tata,2016,230000,104000,Diesel
509,Tata Indigo eCS,Tata,2016,230000,104000,Diesel
510,Tata Indigo Marina,Tata,2004,180000,70000,Diesel
511,Hyundai Xcent SX,Hyundai,2015,400000,43000,Diesel
512,Hyundai Eon Magna,Hyundai,2013,185000,23000,Petrol
513,Renault Duster 85,Renault,2015,385000,51000,Diesel
514,Maruti Suzuki Alto,Maruti,2009,90000,62000,Petrol
515,Tata Nano LX,Tata,2010,32000,48008,Petrol
516,Renault Duster 110,Renault,2013,435000,39000,Diesel
517,Maruti Suzuki Wagon,Maruti,2010,225000,40000,Petrol
518,Maruti Suzuki Swift,Maruti,2006,189700,48247,Petrol
519,Maruti Suzuki Ertiga,Maruti,2012,389700,39000,Diesel
520,Maruti Suzuki Swift,Maruti,2014,365000,23000,Petrol
521,Maruti Suzuki Alto,Maruti,2017,360000,9400,Petrol
522,Hyundai i20 Magna,Hyundai,2010,210000,50000,Petrol
523,Hyundai i10 Magna,Hyundai,2009,170000,75000,Petrol
524,Tata Zest XE,Tata,2017,380000,70000,Diesel
525,Mahindra Xylo E8,Mahindra,2009,295000,64000,Diesel
526,Toyota Corolla Altis,Toyota,2010,185000,55000,Petrol
527,Tata Manza Aqua,Tata,2014,160000,200000,Diesel
528,Renault Kwid 1.0,Renault,2018,290000,2137,Petrol
529,Tata Venture EX,Tata,2013,100000,30000,Diesel
530,Maruti Suzuki Swift,Maruti,2014,315000,44000,Petrol
531,Skoda Octavia Classic,Skoda,2006,114990,65000,Diesel
532,Maruti Suzuki Omni,Maruti,2012,120000,160000,LPG
533,Chevrolet Beat Diesel,Chevrolet,2011,125000,56000,Diesel
534,Tata Sumo Gold,Tata,2012,210000,75000,Diesel
535,Hyundai Verna 1.6,Hyundai,2018,855000,42000,Diesel
536,Tata Sumo Gold,Tata,2012,210000,75000,Diesel
537,Mahindra Scorpio 2.6,Mahindra,2007,260000,56000,Diesel
538,Maruti Suzuki Swift,Maruti,2011,255000,64000,Petrol
539,Mahindra Scorpio SLX,Mahindra,2008,300000,70000,Diesel
540,Hyundai Grand i10,Hyundai,2014,340000,25000,Petrol
541,Hyundai Elite i20,Hyundai,2017,550000,15000,Petrol
542,Ford Ikon 1.6,Ford,2003,60000,50000,Petrol
543,Toyota Innova 2.5,Toyota,2011,750000,147000,Diesel
544,Chevrolet Beat LT,Chevrolet,2012,130000,90001,Diesel
545,Maruti Suzuki Alto,Maruti,2017,270000,21000,Petrol
546,Maruti Suzuki Swift,Maruti,2012,280000,48006,Diesel
547,Maruti Suzuki Swift,Maruti,2012,280000,48006,Diesel
548,Maruti Suzuki Swift,Maruti,2012,280000,48006,Diesel
549,Toyota Innova 2.0,Toyota,2012,600000,80000,Diesel
550,Maruti Suzuki Swift,Maruti,2010,190000,74000,Diesel
551,Hyundai Elite i20,Hyundai,2015,500000,22000,Petrol
552,Mahindra XUV500 W10,Mahindra,2016,1065000,41000,Diesel
553,Volkswagen Polo Trendline,Volkswagen,2015,350000,25000,Diesel
554,Toyota Etios Liva,Toyota,2012,350000,85000,Diesel
555,Mahindra TUV300 T4,Mahindra,2016,540000,29500,Diesel
556,Hyundai Elite i20,Hyundai,2015,470000,30000,Petrol
557,Hyundai Santro Xing,Hyundai,2014,179000,57000,Petrol
558,Maruti Suzuki Zen,Maruti,2003,48000,60000,Petrol
559,Maruti Suzuki Ciaz,Maruti,2016,650000,50000,Petrol
560,Hyundai Eon Era,Hyundai,2013,190000,39700,Petrol
561,Hyundai Elantra 1.8,Hyundai,2012,500000,65000,Petrol
562,Maruti Suzuki Swift,Maruti,2010,270000,67000,Diesel
563,Maruti Suzuki Zen,Maruti,2008,125000,46000,Petrol
564,Hyundai Eon Era,Hyundai,2012,188000,38000,Petrol
565,Hyundai Grand i10,Hyundai,2016,380000,27000,Petrol
566,Hyundai Verna Fluidic,Hyundai,2011,365000,43000,Diesel
567,Ford EcoSport Trend,Ford,2014,465000,47000,Petrol
568,Hyundai i20 Magna,Hyundai,2011,240000,42000,Petrol
569,Chevrolet Beat Diesel,Chevrolet,2016,179999,19336,Diesel
570,Tata Indica eV2,Tata,2015,140000,60105,Diesel
571,Maruti Suzuki Swift,Maruti,2015,475000,22000,Petrol
572,Maruti Suzuki S,Maruti,2016,615000,21000,Diesel
573,Maruti Suzuki Ertiga,Maruti,2013,475000,48000,Diesel
574,Maruti Suzuki Alto,Maruti,2016,270000,38000,Petrol
575,Honda City SV,Honda,2014,475000,34000,Diesel
576,Volkswagen Vento Comfortline,Volkswagen,2011,240000,45933,Petrol
577,Honda City 1.5,Honda,2005,120000,68000,Petrol
578,Audi A4 2.0,Audi,2016,1900000,44000,Diesel
579,Mahindra KUV100,Mahindra,2017,360000,35000,Diesel
580,Tata Zest XE,Tata,2018,450000,102563,Diesel
581,Mahindra XUV500 W8,Mahindra,2015,900000,28600,Diesel
582,Maruti Suzuki Swift,Maruti,2017,650000,41800,Diesel
583,Tata Sumo Gold,Tata,2014,275000,116000,Diesel
584,Maruti Suzuki Swift,Maruti,2009,210000,59000,Petrol
585,Mahindra Scorpio 2.6,Mahindra,2004,175000,58000,Diesel
586,Maruti Suzuki Omni,Maruti,2009,85000,45000,Petrol
587,Renault Duster,Renault,2014,800000,7400,Diesel
588,Volkswagen Jetta Comfortline,Volkswagen,2009,450000,54500,Diesel
589,Maruti Suzuki Ertiga,Maruti,2012,1000000,200000,Diesel
590,Audi A4 2.0,Audi,2013,1510000,27000,Diesel
591,Toyota Corolla Altis,Toyota,2014,790000,29000,Petrol
592,Chevrolet Beat LT,Chevrolet,2012,135000,36000,Petrol
593,Mahindra Scorpio SLX,Mahindra,2004,175000,60000,Diesel
594,Volkswagen Vento Comfortline,Volkswagen,2011,200000,95000,Diesel
595,Tata Indigo CS,Tata,2017,270000,50000,Diesel
596,Ford Figo Petrol,Ford,2019,525000,0,Petrol
597,Honda City ZX,Honda,2006,180000,50000,Petrol
598,Maruti Suzuki Wagon,Maruti,2008,140000,68000,Petrol
599,Ford EcoSport Trend,Ford,2014,400000,16000,Petrol
600,Maruti Suzuki Swift,Maruti,2016,499000,51000,Diesel
601,Maruti Suzuki Omni,Maruti,2009,85000,56000,Petrol
602,Maruti Suzuki Zen,Maruti,2004,70000,100000,Petrol
603,Renault Duster RxL,Renault,2015,550000,36000,Petrol
604,Maruti Suzuki Swift,Maruti,2014,370000,11523,Petrol
605,Maruti Suzuki Baleno,Maruti,2018,690000,1000,Petrol
606,Honda WR V,Honda,2009,250000,60000,Petrol
607,Tata Indigo CS,Tata,2016,110000,85000,Diesel
608,Renault Duster 110,Renault,2013,490000,38600,Diesel
609,Mahindra Scorpio LX,Mahindra,2009,320000,95500,Diesel
610,Maruti Suzuki Zen,Maruti,2004,68000,56000,Petrol
611,Maruti Suzuki Wagon,Maruti,2014,130000,37458,Petrol
612,Maruti Suzuki SX4,Maruti,2016,970000,85960,Diesel
613,Hyundai Eon D,Hyundai,2018,280000,35000,Petrol
614,Maruti Suzuki Zen,Maruti,2009,125000,0,Petrol
615,Mahindra Scorpio SLX,Mahindra,2008,285000,80000,Diesel
616,Hyundai Santro AE,Hyundai,2011,165000,45000,Petrol
617,Maruti Suzuki Swift,Maruti,2009,250000,51000,Diesel
618,Mahindra Scorpio S4,Mahindra,2015,865000,30000,Diesel
619,Mahindra Xylo D2,Mahindra,2011,390000,48000,Diesel
620,Hyundai Santro,Hyundai,2003,60000,51000,Petrol
621,Chevrolet Beat LT,Chevrolet,2015,215000,90000,Diesel
622,Maruti Suzuki Swift,Maruti,2015,475000,43000,Diesel
623,Mahindra XUV500 W8,Mahindra,2015,899000,53000,Diesel
624,Toyota Fortuner 3.0,Toyota,2013,1499000,97000,Diesel
625,Maruti Suzuki Alto,Maruti,2013,240000,20000,Petrol
626,Hyundai Getz GLE,Hyundai,2007,99000,55000,Petrol
627,Maruti Suzuki Swift,Maruti,2014,260000,120000,Diesel
628,Hyundai Creta 1.6,Hyundai,2019,1200000,0,Petrol
629,Hyundai Santro Xing,Hyundai,2007,115000,46000,Petrol
630,Hyundai Santro Xing,Hyundai,2009,88000,43200,Petrol
631,Mahindra Xylo D2,Mahindra,2011,390000,56000,Diesel
632,Hyundai Santro Xing,Hyundai,2007,135000,42000,Petrol
633,Tata Indica V2,Tata,2009,90000,30600,Diesel
634,Hyundai i10 Sportz,Hyundai,2011,220000,38000,Petrol
635,Hyundai Grand i10,Hyundai,2017,424999,2550,Petrol
636,Hyundai Santro Xing,Hyundai,2007,135000,47000,Petrol
637,Honda City 1.5,Honda,2005,95000,41000,Petrol
638,Honda City 1.5,Honda,2005,115000,68000,Petrol
639,Maruti Suzuki Alto,Maruti,2015,215000,50000,Petrol
640,Maruti Suzuki Wagon,Maruti,2004,53000,69000,Petrol
641,Maruti Suzuki Ertiga,Maruti,2012,500000,48000,Diesel
642,Tata Indica eV2,Tata,2012,85000,55000,Diesel
643,Maruti Suzuki Omni,Maruti,2013,165000,25000,Petrol
644,Hyundai Eon Era,Hyundai,2014,200000,28400,Petrol
645,Hyundai Eon,Hyundai,2014,200000,28000,Petrol
646,Maruti Suzuki Swift,Maruti,2015,425000,42000,Diesel
647,Hyundai Verna 1.6,Hyundai,2012,600000,29000,Diesel
648,Chevrolet Tavera LS,Chevrolet,2005,130000,68485,Diesel
649,Tata Tiago Revotron,Tata,2018,430000,3500,Petrol
650,Tata Tiago Revotorq,Tata,2019,568500,0,Petrol
651,Maruti Suzuki Zen,Maruti,2006,71000,32000,Petrol
652,Mahindra KUV100 K8,Mahindra,2018,560000,8000,Diesel
653,Ford EcoSport Titanium,Ford,2014,590000,34000,Diesel
654,Ford Fusion 1.4,Ford,2007,125000,85455,Diesel
655,Hyundai Santro Xing,Hyundai,2007,135000,46000,Petrol
656,Ford Ikon 1.3,Ford,2008,95000,46000,Petrol
657,Maruti Suzuki Omni,Maruti,2017,240000,8000,Petrol
658,Tata Indica V2,Tata,2012,115000,64000,Diesel
659,Mahindra Scorpio S4,Mahindra,2015,795000,63000,Diesel
660,Hyundai Santro Xing,Hyundai,2007,55000,65000,Petrol
661,Mahindra Xylo D2,Mahindra,2009,300000,62000,Diesel
662,Hyundai Grand i10,Hyundai,2014,320000,41000,Petrol
663,Maruti Suzuki Alto,Maruti,2015,265000,14000,Petrol
664,Toyota Corolla,Toyota,2006,160000,40000,Petrol
665,Hyundai Eon Magna,Hyundai,2017,300000,1600,Petrol
666,Tata Sumo Grande,Tata,2010,130000,90000,Diesel
667,Maruti Suzuki Swift,Maruti,2011,250000,58000,Diesel
668,Volkswagen Polo Highline1.2L,Volkswagen,2013,380000,27000,Petrol
669,Maruti Suzuki Alto,Maruti,2003,42000,60000,Petrol
670,Tata Tiago Revotron,Tata,2017,400000,31000,Petrol
671,Maruti Suzuki Swift,Maruti,2009,120000,90000,Diesel
672,Maruti Suzuki Swift,Maruti,2009,120000,90000,Diesel
673,Tata Indigo eCS,Tata,2016,130000,150000,Diesel
674,Chevrolet Beat LS,Chevrolet,2014,189000,31000,Diesel
675,Mahindra Xylo E8,Mahindra,2011,365000,43000,Diesel
676,Hyundai Eon D,Hyundai,2013,170000,20000,Petrol
677,Tata Sumo Gold,Tata,2013,215000,100000,Petrol
678,Tata Nano,Tata,2013,60000,7000,Petrol
679,Hyundai Elite i20,Hyundai,2017,599999,31000,Petrol
680,Hyundai i10 Magna,Hyundai,2009,400000,33000,Petrol
681,Hyundai Creta,Hyundai,2016,900000,60000,Diesel
682,Volkswagen Polo,Volkswagen,2013,299999,48000,Diesel
683,Maruti Suzuki Dzire,Maruti,2014,374999,33000,Petrol
684,Tata Bolt XM,Tata,2015,600000,15000,Petrol
685,Maruti Suzuki Alto,Maruti,2005,70000,47000,Petrol
686,Maruti Suzuki Alto,Maruti,2005,100000,40000,Petrol
687,Maruti Suzuki Ritz,Maruti,2010,150000,38000,Diesel
688,Maruti Suzuki Alto,Maruti,2017,225000,12500,Petrol
689,Maruti Suzuki Dzire,Maruti,2009,210000,42000,Petrol
690,Hyundai i20 Asta,Hyundai,2014,425000,31000,Petrol
691,Maruti Suzuki Swift,Maruti,2008,162000,60000,Diesel
692,Tata Indica V2,Tata,2005,60000,80000,Diesel
693,Mahindra Scorpio VLX,Mahindra,2014,650000,77000,Diesel
694,Toyota Innova 2.5,Toyota,2012,750000,75000,Diesel
695,Mahindra Xylo E8,Mahindra,2010,375000,40000,Diesel
696,Hyundai i20 Magna,Hyundai,2011,230000,47000,Petrol
697,Mahindra KUV100,Mahindra,2016,380000,26500,Petrol
698,Mahindra KUV100 K8,Mahindra,2019,560000,2875,Petrol
699,Tata Indica V2,Tata,2005,39999,80000,Diesel
700,Hyundai Santro Xing,Hyundai,2006,85000,60000,Petrol
701,Maruti Suzuki Wagon,Maruti,2016,395000,20000,Petrol
702,Maruti Suzuki Swift,Maruti,2008,175000,58000,Diesel
703,Maruti Suzuki Alto,Maruti,2019,400000,1500,Petrol
704,Toyota Innova 2.5,Toyota,2011,750000,75000,Diesel
705,Maruti Suzuki Alto,Maruti,2016,250000,2450,Petrol
706,Maruti Suzuki Alto,Maruti,2019,425000,1625,Petrol
707,Volkswagen Polo Highline1.2L,Volkswagen,2017,525000,45000,Petrol
708,Mahindra Logan,Mahindra,2009,130000,65000,Diesel
709,Mahindra Scorpio,Mahindra,2011,475000,60123,Diesel
710,Chevrolet Sail 1.2,Chevrolet,2013,300000,28000,Petrol
711,Hyundai Santro AE,Hyundai,2003,60000,70000,Petrol
712,Maruti Suzuki Wagon,Maruti,2006,100000,7000,Petrol
713,Hyundai Eon,Hyundai,2018,260000,25000,Petrol
714,Tata Manza,Tata,2015,100000,100000,Diesel
715,Toyota Etios G,Toyota,2013,265000,42000,Petrol
716,Hyundai Getz Prime,Hyundai,2009,115000,20000,Petrol
717,Toyota Qualis,Toyota,2003,180000,100000,Diesel
718,Hyundai Santro Xing,Hyundai,2004,45000,137495,Petrol
719,Tata Indica eV2,Tata,2016,50500,91200,Diesel
720,Honda City 1.5,Honda,2009,270000,55000,Petrol
721,Tata Zest XE,Tata,2017,290000,120000,Diesel
722,Mahindra Quanto C4,Mahindra,2013,325000,63000,Diesel
723,Tata Indigo eCS,Tata,2016,160000,104000,Diesel
724,Maruti Suzuki Swift,Maruti,2016,350000,146000,Diesel
725,Hyundai Elite i20,Hyundai,2011,290000,40000,Petrol
726,Hyundai i20 Select,Hyundai,2011,290000,40000,Petrol
727,Chevrolet Tavera Neo,Chevrolet,2007,465000,100800,Diesel
728,Maruti Suzuki Dzire,Maruti,2016,325000,150000,Diesel
729,Hyundai Elite i20,Hyundai,2018,510000,2100,Petrol
730,Honda City VX,Honda,2016,860000,95000,Petrol
731,Maruti Suzuki Dzire,Maruti,2016,450000,2500,Diesel
732,Hyundai Getz,Hyundai,2006,125000,80000,Petrol
733,Maruti Suzuki Alto,Maruti,2005,95000,65000,Petrol
734,Maruti Suzuki Swift,Maruti,2009,250000,51000,Diesel
735,Skoda Fabia,Skoda,2009,110000,45000,Petrol
736,Maruti Suzuki Ritz,Maruti,2011,270000,50000,Petrol
737,Tata Indica V2,Tata,2009,110000,30000,Diesel
738,Toyota Corolla Altis,Toyota,2009,300000,132000,Petrol
739,Tata Zest XM,Tata,2018,260000,27000,Diesel
740,Mahindra Quanto C8,Mahindra,2013,390000,40000,Diesel
