,index,Unnamed: 0,name,company,year,Price,kms_driven,fuel_type
0,0,0,Hyundai Santro Xing,Hyundai,2007,80000,45000,Petrol
1,1,1,Mahindra Jeep CL550,Mahindra,2006,425000,40,Diesel
2,2,2,Hyundai Grand i10,Hyundai,2014,325000,28000,Petrol
3,3,3,Ford EcoSport Titanium,Ford,2014,575000,36000,Diesel
4,4,4,Ford Figo,Ford,2012,175000,41000,Diesel
5,5,5,Hyundai Eon,Hyundai,2013,190000,25000,Petrol
6,6,6,Ford EcoSport Ambiente,Ford,2016,830000,24530,Diesel
7,7,7,Maruti Suzuki Alto,Maruti,2015,250000,60000,Petrol
8,8,8,Skoda Fabia Classic,Skoda,2010,182000,60000,Petrol
9,9,9,Maruti Suzuki Stingray,Maruti,2015,315000,30000,Petrol
10,10,10,Hyundai Elite i20,Hyundai,2014,415000,32000,Petrol
11,11,11,Mahindra Scorpio SLE,Mahindra,2015,320000,48660,Diesel
12,12,12,Hyundai Santro Xing,Hyundai,2007,80000,45000,Petrol
13,13,13,Mahindra Jeep CL550,Mahindra,2006,425000,40,Diesel
14,14,14,Audi A8,Audi,2017,1000000,4000,Petrol
15,15,15,Audi Q7,Audi,2014,500000,16934,Diesel
16,16,16,Mahindra Scorpio S10,Mahindra,2016,350000,43000,Diesel
17,17,17,Maruti Suzuki Alto,Maruti,2014,160000,35550,Petrol
18,18,18,Mahindra Scorpio S10,Mahindra,2016,350000,43000,Diesel
19,19,19,Mahindra Scorpio S10,Mahindra,2016,310000,39522,Diesel
20,20,20,Maruti Suzuki Alto,Maruti,2015,75000,39000,Petrol
21,21,21,Hyundai i20 Sportz,Hyundai,2012,100000,55000,Petrol
22,22,22,Hyundai i20 Sportz,Hyundai,2012,100000,55000,Petrol
23,23,23,Hyundai i20 Sportz,Hyundai,2012,100000,55000,Petrol
24,24,24,Maruti Suzuki Alto,Maruti,2017,190000,72000,Petrol
25,25,25,Maruti Suzuki Vitara,Maruti,2016,290000,15975,Diesel
26,26,26,Maruti Suzuki Alto,Maruti,2008,95000,70000,Petrol
27,27,27,Mahindra Bolero DI,Mahindra,2017,180000,23452,Diesel
28,28,28,Maruti Suzuki Swift,Maruti,2014,385000,35522,Diesel
29,29,29,Mahindra Scorpio S10,Mahindra,2015,250000,48508,Diesel
30,30,30,Maruti Suzuki Swift,Maruti,2017,180000,15487,Petrol
31,31,31,Maruti Suzuki Wagon,Maruti,2013,105000,39000,Petrol
32,32,32,Maruti Suzuki Wagon,Maruti,2013,105000,39000,Petrol
33,33,33,Toyota Innova 2.0,Toyota,2012,650000,82000,Diesel
34,34,34,Renault Lodgy 85,Renault,2018,689999,20000,Diesel
35,35,35,Skoda Yeti Ambition,Skoda,2012,448000,68000,Diesel
36,36,36,Maruti Suzuki Baleno,Maruti,2017,549000,32000,Diesel
37,37,37,Renault Duster 110,Renault,2012,501000,38000,Diesel
38,38,38,Renault Duster 85,Renault,2013,489999,27000,Diesel
39,39,39,Honda City 1.5,Honda,2011,280000,33000,Petrol
40,40,40,Maruti Suzuki Alto,Maruti,2015,250000,60000,Petrol
41,41,41,Maruti Suzuki Dzire,Maruti,2013,349999,46000,Diesel
42,42,42,Honda Amaze,Honda,2013,284999,46000,Diesel
43,43,43,Honda Amaze 1.5,Honda,2015,345000,36000,Diesel
44,44,44,Honda City,Honda,2015,499999,55000,Petrol
45,46,46,Maruti Suzuki SX4,Maruti,2010,249999,36000,Petrol
46,48,48,Mahindra Bolero DI,Mahindra,2017,180000,23452,Diesel
47,49,49,Maruti Suzuki Swift,Maruti,2014,385000,35522,Diesel
48,50,50,Mahindra Scorpio S10,Mahindra,2015,250000,48508,Diesel
49,51,51,Maruti Suzuki Swift,Maruti,2017,180000,15487,Petrol
50,52,52,Maruti Suzuki Wagon,Maruti,2013,105000,39000,Petrol
51,53,53,Maruti Suzuki Wagon,Maruti,2013,105000,39000,Petrol
52,54,54,Mahindra Scorpio S10,Mahindra,2015,395000,35000,Diesel
53,55,55,Maruti Suzuki Swift,Maruti,2017,220000,30874,Petrol
54,56,56,Honda City ZX,Honda,2017,170000,15000,Diesel
55,57,57,Maruti Suzuki Wagon,Maruti,2013,85000,29685,Petrol
56,58,58,Ford Figo,Ford,2012,175000,41000,Diesel
57,59,59,Hyundai Eon,Hyundai,2013,190000,25000,Petrol
58,60,60,Tata Indigo eCS,Tata,2017,200000,130000,Diesel
59,61,61,Ford EcoSport Ambiente,Ford,2016,830000,24530,Diesel
60,62,62,Tata Indigo eCS,Tata,2017,200000,130000,Diesel
61,63,63,Mahindra Scorpio SLE,Mahindra,2012,570000,19000,Diesel
62,64,64,Volkswagen Polo Highline,Volkswagen,2014,315000,60000,Petrol
63,65,65,Skoda Fabia Classic,Skoda,2010,182000,60000,Petrol
64,66,66,Maruti Suzuki Stingray,Maruti,2015,315000,30000,Petrol
65,67,67,Chevrolet Spark LS,Chevrolet,2010,110000,41000,Petrol
66,68,68,Renault Duster 110PS,Renault,2012,501000,35000,Diesel
67,69,69,Honda City,Honda,2015,448999,54000,Petrol
68,72,72,Skoda Fabia 1.2L,Skoda,2011,159500,38200,Diesel
69,73,73,Honda Amaze,Honda,2015,344999,22000,Petrol
70,74,74,Honda Amaze,Honda,2015,344999,22000,Petrol
71,75,75,Renault Duster,Renault,2014,449999,50000,Diesel
72,77,77,Mahindra Scorpio S4,Mahindra,2015,865000,30000,Diesel
73,78,78,Mahindra Scorpio VLX,Mahindra,2014,699000,50000,Diesel
74,79,79,Mahindra Quanto C8,Mahindra,2013,375000,20000,Diesel
75,80,80,Ford EcoSport,Ford,2017,489999,39000,Petrol
76,81,81,Honda Brio,Honda,2012,224999,30000,Petrol
78,83,83,Hyundai i20 Magna,Hyundai,2009,195000,32000,Petrol
79,84,84,Toyota Corolla Altis,Toyota,2010,351000,38000,Diesel
80,85,85,Hyundai Verna Transform,Hyundai,2008,160000,45000,Petrol
81,86,86,Toyota Corolla Altis,Toyota,2009,240000,35000,Petrol
82,87,87,Honda City 1.5,Honda,2005,90000,50000,Petrol
83,88,88,Hyundai Elite i20,Hyundai,2014,415000,32000,Petrol
84,89,89,Skoda Fabia 1.2L,Skoda,2011,155000,45863,Diesel
85,91,91,Maruti Suzuki A,Maruti,2011,189500,12500,Petrol
86,92,92,Toyota Etios GD,Toyota,2013,350000,60000,Diesel
87,93,93,Ford Figo Diesel,Ford,2012,210000,35000,Diesel
88,94,94,Maruti Suzuki Swift,Maruti,2014,390000,35000,Petrol
89,95,95,Chevrolet Beat LT,Chevrolet,2012,135000,45000,Diesel
90,97,97,Mahindra XUV500 W8,Mahindra,2013,701000,38000,Diesel
91,98,98,Hyundai i10 Magna,Hyundai,2014,265000,18000,Petrol
92,99,99,Hyundai Verna Fluidic,Hyundai,2015,525000,35000,Diesel
93,100,100,Maruti Suzuki Swift,Maruti,2013,372000,13349,Petrol
94,101,101,Maruti Suzuki Ertiga,Maruti,2016,635000,29000,Petrol
95,102,102,Ford EcoSport Titanium,Ford,2014,550000,44000,Diesel
96,103,103,Maruti Suzuki Ertiga,Maruti,2016,575000,29000,Petrol
97,104,104,Maruti Suzuki Ertiga,Maruti,2013,485000,42000,Diesel
98,105,105,Maruti Suzuki Alto,Maruti,2012,155000,14000,Petrol
99,106,106,Hyundai Grand i10,Hyundai,2014,345000,49000,Diesel
100,107,107,Honda Amaze 1.2,Honda,2014,325000,42000,Petrol
101,108,108,Hyundai i20 Asta,Hyundai,2012,329500,36200,Diesel
102,109,109,Ford Figo Diesel,Ford,2014,195000,50000,Diesel
103,110,110,Maruti Suzuki Eeco,Maruti,2015,251111,55000,Petrol
104,111,111,Maruti Suzuki Ertiga,Maruti,2014,569999,45000,Petrol
105,112,112,Maruti Suzuki Esteem,Maruti,2007,69999,51000,Petrol
106,113,113,Maruti Suzuki Ritz,Maruti,2014,299999,19000,Petrol
107,114,114,Maruti Suzuki Dzire,Maruti,2009,220000,46000,Petrol
108,115,115,Maruti Suzuki Ritz,Maruti,2013,399999,33000,Diesel
109,116,116,Maruti Suzuki Swift,Maruti,2013,372000,13349,Petrol
110,117,117,Maruti Suzuki Dzire,Maruti,2015,450000,104000,Diesel
111,118,118,Toyota Etios Liva,Toyota,2014,270000,55000,Petrol
112,119,119,Hyundai i20 Sportz,Hyundai,2011,350000,33333,Diesel
113,120,120,Chevrolet Spark,Chevrolet,2012,158400,33600,Petrol
114,121,121,Maruti Suzuki Alto,Maruti,2017,350000,5600,Petrol
115,123,123,Maruti Suzuki Swift,Maruti,2007,125000,70000,Petrol
116,124,124,Maruti Suzuki Alto,Maruti,2018,200000,7500,Petrol
117,125,125,Honda Amaze 1.5,Honda,2013,299000,45000,Diesel
118,126,126,Maruti Suzuki Alto,Maruti,2015,220000,38000,Petrol
119,127,127,Chevrolet Beat,Chevrolet,2015,150000,30000,Petrol
120,128,128,Honda City 1.5,Honda,2010,285000,35000,Petrol
121,129,129,Ford EcoSport Trend,Ford,2016,830000,24330,Diesel
122,130,130,Hyundai i20 Asta,Hyundai,2009,210000,65480,Petrol
123,131,131,Maruti Suzuki Swift,Maruti,2013,340000,41000,Petrol
124,132,132,Tata Indica V2,Tata,2006,90000,20000,Petrol
125,134,134,Toyota Corolla Altis,Toyota,2010,289999,70000,Petrol
126,135,135,Toyota Corolla Altis,Toyota,2012,349999,59000,Petrol
127,136,136,Toyota Innova 2.5,Toyota,2012,849999,99000,Diesel
128,137,137,Volkswagen Jetta Highline,Volkswagen,2014,749999,46000,Diesel
129,138,138,Volkswagen Polo Comfortline,Volkswagen,2015,399999,2800,Petrol
130,139,139,Volkswagen Polo,Volkswagen,2014,274999,32000,Petrol
131,140,140,Mahindra Scorpio,Mahindra,2015,984999,22000,Diesel
132,141,141,Renault Duster,Renault,2014,449999,50000,Diesel
133,142,142,Honda Amaze,Honda,2015,344999,22000,Petrol
134,144,144,Hyundai Elite i20,Hyundai,2018,599999,21000,Petrol
135,145,145,Renault Kwid,Renault,2016,244999,11000,Petrol
136,146,146,Renault Duster,Renault,2013,399999,41000,Diesel
137,147,147,Ford EcoSport,Ford,2017,489999,39000,Petrol
138,148,148,Renault Duster,Renault,2014,474999,50000,Diesel
139,149,149,Mahindra Scorpio VLX,Mahindra,2011,499999,66000,Diesel
140,150,150,Maruti Suzuki Alto,Maruti,2018,310000,3000,Petrol
141,151,151,Chevrolet Spark LT,Chevrolet,2010,85000,45000,Petrol
142,153,153,Maruti Suzuki Swift,Maruti,2010,189500,38500,Diesel
143,155,155,Maruti Suzuki Swift,Maruti,2010,159500,43200,Diesel
144,156,156,Toyota Etios GD,Toyota,2013,275000,24800,Petrol
145,157,157,Hyundai i20 Sportz,Hyundai,2014,370000,60000,Diesel
146,158,158,Hyundai i10 Sportz,Hyundai,2010,168000,45872,Petrol
147,159,159,Chevrolet Beat LT,Chevrolet,2011,150000,40000,Diesel
148,160,160,Chevrolet Beat LS,Chevrolet,2011,145000,45000,Diesel
149,161,161,Chevrolet Beat LT,Chevrolet,2012,98500,38000,Diesel
150,162,162,Mahindra Scorpio VLX,Mahindra,2014,699000,50000,Diesel
151,163,163,Tata Indigo CS,Tata,2011,85000,11400,Diesel
152,164,164,Toyota Corolla Altis,Toyota,2015,575000,42000,Petrol
153,165,165,Honda City 1.5,Honda,2014,549000,39000,Petrol
154,166,166,Maruti Suzuki Swift,Maruti,2011,209000,47000,Diesel
155,167,167,Hyundai Eon Era,Hyundai,2013,185000,27000,Petrol
156,168,168,Mahindra Scorpio S10,Mahindra,2015,900000,97200,Diesel
157,169,169,Mahindra XUV500,Mahindra,2014,699999,52000,Diesel
158,170,170,Honda Brio,Honda,2012,224999,30000,Petrol
159,171,171,Ford Fiesta,Ford,2011,274999,55000,Diesel
160,172,172,Honda Amaze,Honda,2013,284999,46000,Diesel
161,173,173,Honda City,Honda,2015,599999,30000,Diesel
162,174,174,Maruti Suzuki Wagon,Maruti,2012,199999,44000,Petrol
163,175,175,Honda City,Honda,2014,544999,45000,Diesel
164,176,176,Hyundai i20,Hyundai,2009,199000,31000,Petrol
165,177,177,Tata Indigo eCS,Tata,2016,320000,175430,Diesel
166,178,178,Hyundai Fluidic Verna,Hyundai,2015,540000,38000,Diesel
167,179,179,Mahindra Quanto C8,Mahindra,2013,340000,37000,Diesel
168,181,181,Skoda Fabia 1.2L,Skoda,2011,159500,38200,Diesel
169,183,183,Hyundai Santro Xing,Hyundai,2005,49000,7500,Petrol
170,184,184,Maruti Suzuki Ciaz,Maruti,2016,700000,3350,Petrol
172,186,186,Honda City,Honda,2015,448999,54000,Petrol
173,187,187,Hyundai Creta 1.6,Hyundai,2017,895000,32000,Petrol
174,188,188,Mahindra Scorpio SLX,Mahindra,2007,355000,75000,Diesel
175,189,189,Mahindra Scorpio SLE,Mahindra,2012,565000,62000,Diesel
176,190,190,Toyota Innova 2.5,Toyota,2006,365000,73000,Diesel
177,191,191,Maruti Suzuki Alto,Maruti,2011,145000,41000,Petrol
178,192,192,Maruti Suzuki Wagon,Maruti,2011,210000,35000,Petrol
179,193,193,Tata Nano Cx,Tata,2013,40000,2200,Petrol
180,194,194,Maruti Suzuki Alto,Maruti,2013,125000,39000,Petrol
181,195,195,Maruti Suzuki Wagon,Maruti,2009,135000,45000,Petrol
182,196,196,Maruti Suzuki Swift,Maruti,2006,135000,45000,Petrol
183,197,197,Tata Sumo Victa,Tata,2012,285000,65000,Diesel
184,198,198,Maruti Suzuki Wagon,Maruti,2010,145000,54870,Petrol
185,199,199,Maruti Suzuki Alto,Maruti,2010,135000,34580,Petrol
186,200,200,Volkswagen Passat Diesel,Volkswagen,2009,450000,97000,Diesel
187,201,201,Renault Scala RxL,Renault,2015,375000,25000,Diesel
188,202,202,Mahindra Quanto C8,Mahindra,2013,375000,20000,Diesel
189,203,203,Hyundai Grand i10,Hyundai,2014,365000,20000,Petrol
190,204,204,Hyundai i20 Active,Hyundai,2015,500000,18000,Petrol
191,205,205,Mahindra Xylo E4,Mahindra,2012,400000,35000,Diesel
192,206,206,Mahindra Jeep MM,Mahindra,2019,390000,60,Diesel
193,207,207,Renault Duster 110PS,Renault,2012,501000,35000,Diesel
194,208,208,Mahindra Bolero SLE,Mahindra,2013,330000,80200,Diesel
195,210,210,Maruti Suzuki SX4,Maruti,2012,265000,46000,Diesel
196,211,211,Mahindra Jeep CL550,Mahindra,2019,379000,0,Diesel
197,212,212,Maruti Suzuki Alto,Maruti,2015,219000,5000,Petrol
198,213,213,Mahindra Jeep CL550,Mahindra,2018,385000,588,Diesel
199,214,214,Toyota Etios,Toyota,2011,275000,36000,Diesel
200,215,215,Volkswagen Polo,Volkswagen,2015,330000,38000,Diesel
201,216,216,Honda City ZX,Honda,2008,110000,45000,Petrol
202,217,217,Maruti Suzuki Wagon,Maruti,2006,80000,71200,Petrol
203,218,218,Honda City VX,Honda,2016,519000,52000,Diesel
204,219,219,Mahindra Thar CRDe,Mahindra,2016,730000,29000,Diesel
205,221,221,Audi A4 1.8,Audi,2009,699000,47000,Petrol
206,224,224,Renault Kwid RXT,Renault,2017,340000,5000,Petrol
207,225,225,Tata Aria Pleasure,Tata,2014,390000,35000,Diesel
208,228,228,Tata Indigo eCS,Tata,2016,320000,175430,Diesel
209,229,229,Tata Indigo eCS,Tata,2016,320000,175400,Diesel
210,230,230,Honda Jazz VX,Honda,2016,450000,41000,Petrol
211,231,231,Honda Amaze 1.2,Honda,2014,311000,33000,Petrol
212,232,232,Honda Amaze,Honda,2013,284999,46000,Diesel
213,233,233,Honda City,Honda,2012,399999,45000,Petrol
214,234,234,Honda City,Honda,2015,599999,39000,Diesel
215,235,235,Honda Amaze,Honda,2015,344999,22000,Petrol
216,236,236,Audi A4 1.8,Audi,2009,699000,47000,Petrol
217,238,238,Mahindra Scorpio S4,Mahindra,2015,855000,30000,Diesel
218,239,239,Hyundai i20 Active,Hyundai,2015,535000,37000,Diesel
219,241,241,Maruti Suzuki Ciaz,Maruti,2017,699000,14000,Petrol
220,242,242,Chevrolet Tavera Neo,Chevrolet,2013,375000,55000,Diesel
221,243,243,Honda Amaze,Honda,2013,284999,46000,Diesel
222,244,244,Hyundai Eon Sportz,Hyundai,2012,178000,30000,Petrol
223,245,245,Tata Sumo Gold,Tata,2013,300000,50000,Diesel
224,246,246,Maruti Suzuki Wagon,Maruti,2003,90000,45000,Petrol
225,247,247,Maruti Suzuki Esteem,Maruti,2006,95000,45000,Petrol
226,248,248,Maruti Suzuki Eeco,Maruti,2015,255000,9300,Petrol
227,249,249,Chevrolet Enjoy 1.4,Chevrolet,2013,245000,55000,Diesel
228,250,250,Hyundai i20 Asta,Hyundai,2012,329500,36200,Diesel
229,251,251,Ford Figo Diesel,Ford,2014,195000,50000,Diesel
230,252,252,Maruti Suzuki Eeco,Maruti,2015,251111,55000,Petrol
231,253,253,Maruti Suzuki Ertiga,Maruti,2014,569999,45000,Petrol
232,254,254,Maruti Suzuki Esteem,Maruti,2007,69999,51000,Petrol
233,255,255,Maruti Suzuki Ritz,Maruti,2014,299999,19000,Petrol
234,256,256,Maruti Suzuki Dzire,Maruti,2009,220000,46000,Petrol
235,257,257,Maruti Suzuki Ritz,Maruti,2013,399999,33000,Diesel
236,258,258,Maruti Suzuki SX4,Maruti,2010,249999,36000,Petrol
237,259,259,Maruti Suzuki Wagon,Maruti,2015,289999,22000,Petrol
238,262,262,Renault Duster 85,Renault,2013,489999,27000,Diesel
239,263,263,Renault Duster 85,Renault,2014,489999,59000,Diesel
240,264,264,Renault Duster 85,Renault,2015,549999,19000,Diesel
241,265,265,Maruti Suzuki Dzire,Maruti,2013,380000,30000,Petrol
242,266,266,Renault Kwid RXT,Renault,2018,325000,15000,Petrol
243,267,267,Maruti Suzuki Maruti,Maruti,2003,57000,56758,Petrol
244,268,268,Renault Kwid 1.0,Renault,2018,349999,10000,Petrol
245,269,269,Renault Lodgy 85,Renault,2018,689999,20000,Diesel
246,270,270,Renault Scala RxL,Renault,2014,349999,49000,Diesel
247,271,271,Hyundai Grand i10,Hyundai,2014,410000,41000,Petrol
248,272,272,Maruti Suzuki Swift,Maruti,2011,225000,45000,Petrol
249,273,273,Chevrolet Beat LS,Chevrolet,2010,120000,43000,Petrol
250,274,274,Tata Indigo eCS,Tata,2016,320000,175430,Diesel
252,276,276,Hyundai Fluidic Verna,Hyundai,2015,540000,38000,Diesel
253,277,277,Chevrolet Beat LS,Chevrolet,2010,80000,56000,Petrol
254,278,278,Mahindra Quanto C8,Mahindra,2013,340000,37000,Diesel
255,280,280,Chevrolet Beat LS,Chevrolet,2015,220000,32700,Petrol
256,281,281,Skoda Fabia 1.2L,Skoda,2011,159500,38200,Diesel
257,282,282,Ford EcoSport Titanium,Ford,2016,599000,30000,Diesel
258,283,283,Hyundai Accent GLX,Hyundai,2006,80000,56000,Petrol
259,284,284,Mahindra TUV300 T4,Mahindra,2016,675000,9000,Diesel
260,287,287,Tata Indica V2,Tata,2008,150000,11000,Petrol
261,289,289,Tata Indigo CS,Tata,2009,72500,46000,Diesel
262,290,290,Maruti Suzuki Swift,Maruti,2019,610000,73,Petrol
263,291,291,Mahindra Scorpio VLX,Mahindra,2004,230000,160000,Diesel
264,292,292,Honda Accord,Honda,2009,175000,58559,Petrol
265,293,293,Mahindra Scorpio S4,Mahindra,2015,855000,30000,Diesel
266,294,294,Chevrolet Tavera Neo,Chevrolet,2013,375000,55000,Diesel
267,295,295,Ford EcoSport Titanium,Ford,2014,520000,57000,Diesel
268,296,296,Maruti Suzuki Ertiga,Maruti,2015,524999,50000,Diesel
269,297,297,Honda Amaze,Honda,2014,299999,37000,Petrol
270,298,298,Maruti Suzuki Dzire,Maruti,2012,299999,40000,Petrol
271,299,299,Honda City,Honda,2011,284999,55000,Petrol
272,300,300,Mahindra Scorpio 2.6,Mahindra,2007,220000,170000,Diesel
273,301,301,Maruti Suzuki Dzire,Maruti,2014,424999,55000,Diesel
274,302,302,Honda City,Honda,2015,644999,39000,Petrol
275,303,303,Honda Mobilio,Honda,2014,399999,44000,Petrol
276,304,304,Toyota Corolla Altis,Toyota,2009,199999,65000,Petrol
277,305,305,Honda City,Honda,2014,584999,39000,Petrol
278,306,306,Skoda Laura,Skoda,2012,349999,44000,Diesel
279,307,307,Renault Duster,Renault,2015,449999,49000,Diesel
280,308,308,Maruti Suzuki Ertiga,Maruti,2018,799999,9000,Diesel
281,309,309,Maruti Suzuki Dzire,Maruti,2015,444999,45000,Diesel
282,310,310,Mahindra XUV500,Mahindra,2014,649999,47000,Diesel
283,311,311,Hyundai Verna Fluidic,Hyundai,2012,444999,40000,Diesel
284,312,312,Maruti Suzuki Vitara,Maruti,2016,689999,29000,Diesel
285,313,313,Maruti Suzuki Wagon,Maruti,2016,344999,15000,Petrol
286,314,314,Mahindra Scorpio,Mahindra,2015,944999,45000,Diesel
287,315,315,Honda Amaze,Honda,2014,274999,35000,Petrol
288,316,316,Mahindra XUV500,Mahindra,2013,689999,80000,Diesel
289,317,317,Mahindra Scorpio,Mahindra,2013,574999,68000,Diesel
290,318,318,Skoda Laura,Skoda,2013,374999,50000,Diesel
291,319,319,Volkswagen Polo,Volkswagen,2010,199999,60000,Diesel
292,320,320,Hyundai Elite i20,Hyundai,2016,549999,9000,Petrol
293,321,321,Tata Manza Aura,Tata,2012,130000,72000,Diesel
294,322,322,Chevrolet Sail UVA,Chevrolet,2013,210000,60000,Petrol
295,323,323,Renault Duster 110,Renault,2012,501000,38000,Diesel
296,324,324,Hyundai Verna Fluidic,Hyundai,2013,401000,45000,Diesel
298,326,326,Hyundai Elantra SX,Hyundai,2013,600000,20000,Petrol
299,327,327,Mahindra Scorpio VLX,Mahindra,2013,610000,35000,Diesel
300,328,328,Mahindra KUV100 K8,Mahindra,2016,400000,20000,Diesel
301,329,329,Renault Scala RxL,Renault,2015,375000,25000,Diesel
302,330,330,Mahindra Quanto C8,Mahindra,2013,375000,20000,Diesel
303,331,331,Hyundai Grand i10,Hyundai,2014,365000,20000,Petrol
304,332,332,Hyundai i20 Active,Hyundai,2015,500000,18000,Petrol
305,333,333,Mahindra Xylo E4,Mahindra,2012,400000,35000,Diesel
306,334,334,Hyundai Grand i10,Hyundai,2017,524999,6821,Petrol
307,335,335,Hyundai i20,Hyundai,2014,449999,23000,Petrol
308,336,336,Hyundai Eon,Hyundai,2014,174999,14000,Petrol
309,337,337,Hyundai i10,Hyundai,2012,244999,38000,Petrol
310,338,338,Hyundai i20 Active,Hyundai,2015,574999,35000,Diesel
311,340,340,Toyota Etios Liva,Toyota,2011,239999,41000,Petrol
312,341,341,Hyundai Accent,Hyundai,2010,99999,45000,Petrol
313,342,342,Hyundai Verna,Hyundai,2014,489999,44000,Diesel
314,343,343,Maruti Suzuki Swift,Maruti,2013,324999,45000,Diesel
315,344,344,Toyota Fortuner,Toyota,2011,1074999,52000,Diesel
316,345,345,Hyundai i10 Sportz,Hyundai,2012,230000,34000,Petrol
317,346,346,Mahindra Bolero Power,Mahindra,2018,699000,1800,Diesel
318,347,347,Mahindra XUV500,Mahindra,2015,1000000,15000,Diesel
319,348,348,Honda City 1.5,Honda,2010,240000,400000,Petrol
320,349,349,Chevrolet Spark LT,Chevrolet,2009,110000,44000,Petrol
321,350,350,Mahindra Jeep MM,Mahindra,2019,390000,60,Diesel
322,351,351,Renault Duster 110PS,Renault,2012,501000,35000,Diesel
323,352,352,Mahindra XUV500,Mahindra,2016,1130000,72000,Diesel
324,353,353,Tata Indigo eCS,Tata,2014,250000,40000,Diesel
325,354,354,Mahindra Bolero SLE,Mahindra,2013,330000,80200,Diesel
326,356,356,Skoda Rapid Elegance,Skoda,2013,340000,48000,Diesel
327,357,357,Tata Vista Quadrajet,Tata,2011,120000,90000,Diesel
328,358,358,Maruti Suzuki Alto,Maruti,2015,265000,12000,Petrol
329,359,359,Maruti Suzuki SX4,Maruti,2012,265000,46000,Diesel
330,360,360,Maruti Suzuki Zen,Maruti,2003,85000,69900,Petrol
331,361,361,Mahindra Jeep CL550,Mahindra,2019,379000,0,Diesel
332,362,362,Hyundai i10 Magna,Hyundai,2011,175000,45000,Petrol
333,363,363,Maruti Suzuki Alto,Maruti,2015,219000,5000,Petrol
334,364,364,Maruti Suzuki Swift,Maruti,2016,350000,166000,Diesel
335,365,365,Honda City ZX,Honda,2008,149000,42000,Petrol
336,366,366,Mahindra Jeep CL550,Mahindra,2018,385000,588,Diesel
337,367,367,Mahindra Jeep MM,Mahindra,2006,425000,122,Diesel
338,368,368,Chevrolet Beat Diesel,Chevrolet,2017,150000,62000,Diesel
339,369,369,Honda City 1.5,Honda,2010,225000,70000,Petrol
340,370,370,Hyundai Verna 1.4,Hyundai,2014,375000,36000,Petrol
341,371,371,Toyota Innova 2.5,Toyota,2012,770000,0,Diesel
342,373,373,Toyota Etios,Toyota,2011,275000,36000,Diesel
343,374,374,Volkswagen Polo,Volkswagen,2015,330000,38000,Diesel
344,375,375,Maruti Suzuki Swift,Maruti,2014,335000,55000,Diesel
345,376,376,Hyundai Elite i20,Hyundai,2015,450000,20000,Diesel
346,377,377,Maruti Suzuki Swift,Maruti,2012,225000,40000,Petrol
347,378,378,Maruti Suzuki Versa,Maruti,2004,80000,50000,Petrol
348,379,379,Tata Indigo LX,Tata,2016,130000,104000,Diesel
349,380,380,Volkswagen Vento Konekt,Volkswagen,2011,245000,65000,Diesel
350,382,382,Maruti Suzuki Ertiga,Maruti,2013,450000,90000,Diesel
352,384,384,Hyundai Santro Xing,Hyundai,2006,75000,46000,Petrol
354,386,386,Hyundai Sonata Transform,Hyundai,2017,190000,36469,Diesel
355,387,387,Hyundai Elite i20,Hyundai,2018,600000,7800,Petrol
356,388,388,Volkswagen Vento Konekt,Volkswagen,2011,245000,65000,Diesel
357,389,389,Maruti Suzuki Alto,Maruti,2017,240000,60000,Petrol
358,390,390,Maruti Suzuki Alto,Maruti,2011,155000,32000,Petrol
359,391,391,Honda Jazz S,Honda,2009,169999,24695,Petrol
360,392,392,Hyundai Grand i10,Hyundai,2017,450000,15141,Petrol
362,394,394,Mahindra Scorpio W,Mahindra,2012,165000,65000,Diesel
363,395,395,Maruti Suzuki Alto,Maruti,2014,270000,22000,Petrol
364,396,396,Hyundai Grand i10,Hyundai,2016,280000,59910,Diesel
365,397,397,Mahindra XUV500 W8,Mahindra,2012,560000,100000,Diesel
366,398,398,Hyundai Creta 1.6,Hyundai,2016,950000,25000,Petrol
367,399,399,Hyundai i20 Magna,Hyundai,2013,310000,35000,Petrol
368,400,400,Renault Duster 85,Renault,2015,715000,65000,Diesel
369,401,401,Hyundai Grand i10,Hyundai,2014,340000,35000,Petrol
370,402,402,Honda Brio V,Honda,2012,235000,33000,Petrol
371,403,403,Mahindra TUV300 T4,Mahindra,2017,610000,68000,Diesel
372,404,404,Chevrolet Spark LS,Chevrolet,2010,95000,23000,Petrol
373,405,405,Mahindra TUV300 T8,Mahindra,2018,1000000,4500,Diesel
374,406,406,Maruti Suzuki Swift,Maruti,2015,220000,129000,Diesel
375,408,408,Maruti Suzuki Alto,Maruti,2015,230000,5000,Petrol
377,410,410,Toyota Fortuner 3.0,Toyota,2010,940000,131000,Diesel
378,411,411,Tata Manza ELAN,Tata,2010,155555,111111,Petrol
379,413,413,Chevrolet Beat LS,Chevrolet,2016,210000,22000,Diesel
380,414,414,Ford EcoSport Trend,Ford,2013,495000,38000,Diesel
381,415,415,Tata Indigo LS,Tata,2016,125000,70000,Diesel
382,416,416,Hyundai i20 Magna,Hyundai,2010,195000,36000,Petrol
383,417,417,Volkswagen Vento Highline,Volkswagen,2015,550000,34000,Diesel
384,418,418,Renault Kwid RXT,Renault,2015,270000,43000,Petrol
385,419,419,Ford EcoSport Titanium,Ford,2014,500000,40000,Diesel
386,420,420,Honda Amaze 1.5,Honda,2016,240000,160000,Diesel
387,421,421,Hyundai Verna 1.6,Hyundai,2017,800000,12000,Petrol
388,423,423,Skoda Superb 1.8,Skoda,2011,530000,68000,Petrol
390,425,425,Mahindra Bolero DI,Mahindra,2012,220000,59466,Diesel
391,426,426,Mahindra Scorpio S10,Mahindra,2015,900000,97200,Diesel
392,427,427,Ford Figo Duratorq,Ford,2012,250000,99000,Diesel
393,428,428,Maruti Suzuki Wagon,Maruti,2018,395000,25500,Petrol
394,429,429,Mahindra Logan Diesel,Mahindra,2009,130000,66000,Petrol
395,430,430,Tata Nano GenX,Tata,2010,32000,44005,Petrol
396,431,431,Mahindra TUV300 T4,Mahindra,2016,540000,35000,Diesel
397,432,432,Mahindra TUV300 T4,Mahindra,2016,540000,35000,Diesel
398,433,433,Hyundai Elite i20,Hyundai,2015,405000,28000,Petrol
399,434,434,Hyundai Elite i20,Hyundai,2015,400000,30000,Petrol
400,435,435,Honda City SV,Honda,2017,760000,4000,Petrol
401,436,436,Maruti Suzuki Baleno,Maruti,2016,500000,28000,Petrol
402,437,437,Ford Figo Petrol,Ford,2011,175000,75000,Petrol
403,438,438,Mahindra Scorpio S10,Mahindra,2015,900000,97200,Diesel
404,439,439,Honda City,Honda,2017,750000,3000,Petrol
405,440,440,Hyundai Elite i20,Hyundai,2015,419000,20000,Petrol
406,441,441,Maruti Suzuki Versa,Maruti,2004,90000,50000,Petrol
407,442,442,Hyundai Eon Era,Hyundai,2018,140000,2110,Petrol
408,444,444,Hyundai i10 Magna,Hyundai,2008,275000,100200,Petrol
409,445,445,Toyota Corolla H2,Toyota,2003,150000,100000,Petrol
410,446,446,Maruti Suzuki Swift,Maruti,2011,230000,65,Petrol
411,447,447,Tata Indigo CS,Tata,2015,123000,100000,Diesel
412,448,448,Mahindra Scorpio S10,Mahindra,2015,900000,97200,Diesel
413,449,449,Mahindra Scorpio S10,Mahindra,2015,900000,97200,Diesel
414,450,450,Hyundai Xcent Base,Hyundai,2016,300000,140000,Diesel
415,451,451,Honda City,Honda,2015,499999,55000,Petrol
416,452,452,Hyundai Accent Executive,Hyundai,2009,165000,48000,Petrol
417,453,453,Maruti Suzuki Baleno,Maruti,2016,498000,22000,Petrol
418,454,454,Tata Zest XE,Tata,2018,480000,103553,Diesel
419,455,455,Maruti Suzuki Dzire,Maruti,2017,488000,80000,Diesel
420,456,456,Tata Sumo Gold,Tata,2014,250000,99000,Diesel
421,457,457,Toyota Corolla Altis,Toyota,2010,220000,58000,Petrol
422,458,458,Maruti Suzuki Eeco,Maruti,2013,290000,70000,LPG
424,460,460,Mahindra XUV500 W6,Mahindra,2013,548900,49800,Diesel
425,461,461,Tata Tigor Revotron,Tata,2019,650000,100,Diesel
427,463,463,Maruti Suzuki Ertiga,Maruti,2015,550000,75000,Petrol
428,464,464,Maruti Suzuki Versa,Maruti,2004,90000,50000,Petrol
429,465,465,Honda Mobilio S,Honda,2014,399000,44000,Diesel
430,466,466,Maruti Suzuki Ertiga,Maruti,2016,730000,55000,Diesel
431,467,467,Maruti Suzuki Vitara,Maruti,2017,725000,36000,Diesel
432,468,468,Hyundai Verna 1.6,Hyundai,2016,195000,56000,Diesel
433,469,469,Maruti Suzuki Swift,Maruti,2007,130000,62000,Petrol
435,471,471,Maruti Suzuki Omni,Maruti,2014,190000,6020,Petrol
436,472,472,Honda Amaze,Honda,2013,250000,55700,Diesel
437,473,473,Tata Indica,Tata,2005,80000,42000,Petrol
438,474,474,Hyundai Santro Xing,Hyundai,2003,120000,50000,Petrol
439,475,475,Maruti Suzuki Zen,Maruti,2010,149000,35000,Petrol
440,476,476,Maruti Suzuki Wagon,Maruti,2014,250000,18500,Petrol
441,477,477,Maruti Suzuki Wagon,Maruti,2007,120000,7000,Petrol
442,478,478,Honda Brio VX,Honda,2017,450000,11000,Petrol
443,479,479,Maruti Suzuki Zen,Maruti,2003,99999,53000,Petrol
444,480,480,Maruti Suzuki Zen,Maruti,2008,135000,23000,Petrol
445,481,481,Maruti Suzuki Wagon,Maruti,2016,225000,35500,Diesel
446,482,482,Maruti Suzuki Alto,Maruti,2010,99000,22134,Petrol
447,483,483,Renault Kwid RXT,Renault,2019,370000,1000,Petrol
448,484,484,Tata Nano Lx,Tata,2010,52000,9000,Petrol
449,486,486,Hyundai Eon Magna,Hyundai,2014,190000,35000,Petrol
450,487,487,Honda City 1.5,Honda,2014,499000,22000,Petrol
451,489,489,Maruti Suzuki Ritz,Maruti,2010,149000,40000,Petrol
452,490,490,Hyundai Grand i10,Hyundai,2017,400000,20000,Petrol
453,491,491,Hyundai Eon D,Hyundai,2016,120000,87000,Petrol
454,492,492,Maruti Suzuki Swift,Maruti,2015,250000,55000,Petrol
455,493,493,Maruti Suzuki Wagon,Maruti,2017,375000,23000,Petrol
456,494,494,Honda Amaze 1.2,Honda,2014,381000,6000,Petrol
457,495,495,Maruti Suzuki Estilo,Maruti,2013,180000,65000,Petrol
458,496,496,Maruti Suzuki Vitara,Maruti,2016,580000,25000,Diesel
459,497,497,Maruti Suzuki Eeco,Maruti,2015,278000,39000,Petrol
460,498,498,Hyundai Creta 1.6,Hyundai,2016,1000000,8000,Petrol
461,499,499,Mahindra Scorpio Vlx,Mahindra,2013,690000,75000,Diesel
462,500,500,Maruti Suzuki Ertiga,Maruti,2012,480000,51000,Diesel
464,503,503,Maruti Suzuki Alto,Maruti,2015,90000,55800,Petrol
465,504,504,Hyundai Grand i10,Hyundai,2015,340000,53000,Petrol
466,505,505,Hyundai Eon D,Hyundai,2018,260000,25000,Petrol
467,506,506,Ford Fiesta SXi,Ford,2009,250000,56400,Petrol
468,507,507,Maruti Suzuki Ritz,Maruti,2010,180000,72160,Diesel
469,508,508,Hyundai Verna Fluidic,Hyundai,2012,350000,10000,Diesel
470,509,509,Maruti Suzuki Wagon,Maruti,2006,90001,48000,Petrol
471,510,510,Maruti Suzuki Estilo,Maruti,2007,115000,36000,Petrol
473,512,512,Maruti Suzuki Wagon,Maruti,2003,130000,133000,Petrol
474,513,513,Maruti Suzuki Wagon,Maruti,2009,159000,27000,Petrol
475,514,514,Maruti Suzuki Wagon,Maruti,2009,160000,35000,Petrol
476,515,515,Maruti Suzuki Alto,Maruti,2010,110000,55000,Petrol
477,516,516,Maruti Suzuki Baleno,Maruti,2016,425000,40000,Petrol
478,517,517,Hyundai Verna 1.6,Hyundai,2019,900000,2000,Petrol
479,518,518,Maruti Suzuki Swift,Maruti,2009,150000,45000,Petrol
480,519,519,Hyundai Getz Prime,Hyundai,2009,110000,20000,Petrol
482,521,521,Hyundai Getz Prime,Hyundai,2009,115000,20000,Petrol
483,522,522,Chevrolet Beat PS,Chevrolet,2012,215000,65422,Diesel
484,523,523,Ford EcoSport Trend,Ford,2017,580000,10000,Petrol
485,524,524,Maruti Suzuki Dzire,Maruti,2013,380000,35000,Petrol
486,525,525,Hyundai Fluidic Verna,Hyundai,2013,350000,117000,Diesel
487,526,526,Tata Indica V2,Tata,2005,35000,150000,Diesel
488,528,528,Hyundai i20 Asta,Hyundai,2010,300000,10750,Petrol
489,529,529,Honda City 1.5,Honda,2009,269000,55000,Petrol
490,530,530,Tata Nano,Tata,2013,60000,6800,Petrol
491,531,531,Chevrolet Cruze LTZ,Chevrolet,2014,400000,41000,Diesel
492,532,532,Hyundai Verna Fluidic,Hyundai,2015,430000,73000,Diesel
493,533,533,Maruti Suzuki Swift,Maruti,2011,140000,65000,Diesel
495,536,536,Maruti Suzuki Alto,Maruti,2014,199000,37000,Petrol
496,537,537,Hyundai Accent GLE,Hyundai,2006,90000,55000,Petrol
497,539,539,Maruti Suzuki Alto,Maruti,2019,265000,9800,Petrol
498,540,540,Chevrolet Spark 1.0,Chevrolet,2011,100000,27000,Petrol
499,541,541,Hyundai i10,Hyundai,2009,215000,27000,Petrol
500,542,542,Toyota Etios Liva,Toyota,2012,380000,20000,Diesel
501,543,543,Renault Duster 85PS,Renault,2013,401919,57923,Diesel
502,544,544,Chevrolet Enjoy,Chevrolet,2014,490000,30201,Diesel
503,545,545,Maruti Suzuki Alto,Maruti,2017,280000,6200,Petrol
504,547,547,Toyota Etios Liva,Toyota,2014,160000,24652,Petrol
505,548,548,Mahindra Jeep MM,Mahindra,2004,424000,383,Diesel
506,549,549,Chevrolet Beat LS,Chevrolet,2016,225000,95000,Diesel
507,550,550,Chevrolet Cruze LTZ,Chevrolet,2011,350000,35000,Diesel
508,552,552,Maruti Suzuki Ertiga,Maruti,2013,485000,52500,Diesel
509,553,553,Hyundai Verna VGT,Hyundai,2010,205000,47900,Diesel
510,554,554,Maruti Suzuki Omni,Maruti,2012,160000,14000,Petrol
511,555,555,Maruti Suzuki Celerio,Maruti,2018,310000,37000,Petrol
512,556,556,Tata Zest Quadrajet,Tata,2017,180000,90000,Diesel
513,557,557,Mahindra XUV500 W6,Mahindra,2013,549900,52800,Diesel
514,558,558,Tata Indigo CS,Tata,2016,150000,104000,Diesel
515,559,559,Hyundai i10 Era,Hyundai,2011,175000,30000,Petrol
516,560,560,Tata Indigo eCS,Tata,2014,95000,195000,Diesel
517,561,561,Tata Indigo LX,Tata,2016,230000,104000,Diesel
518,562,562,Tata Indigo eCS,Tata,2016,230000,104000,Diesel
519,563,563,Tata Indigo Marina,Tata,2004,180000,70000,Diesel
520,564,564,Hyundai Xcent SX,Hyundai,2015,400000,43000,Diesel
521,565,565,Hyundai Eon Magna,Hyundai,2013,185000,23000,Petrol
522,566,566,Renault Duster 85,Renault,2015,385000,51000,Diesel
523,567,567,Maruti Suzuki Alto,Maruti,2009,90000,62000,Petrol
524,568,568,Tata Nano LX,Tata,2010,32000,48008,Petrol
525,569,569,Renault Duster 110,Renault,2013,435000,39000,Diesel
526,570,570,Maruti Suzuki Wagon,Maruti,2010,225000,40000,Petrol
527,571,571,Maruti Suzuki Swift,Maruti,2006,189700,48247,Petrol
528,572,572,Maruti Suzuki Ertiga,Maruti,2012,389700,39000,Diesel
529,573,573,Maruti Suzuki Swift,Maruti,2014,365000,23000,Petrol
530,574,574,Maruti Suzuki Alto,Maruti,2017,360000,9400,Petrol
531,575,575,Hyundai i20 Magna,Hyundai,2010,210000,50000,Petrol
532,576,576,Hyundai i10 Magna,Hyundai,2009,170000,75000,Petrol
533,577,577,Tata Zest XE,Tata,2017,380000,70000,Diesel
534,578,578,Mahindra Xylo E8,Mahindra,2009,295000,64000,Diesel
535,579,579,Toyota Corolla Altis,Toyota,2010,185000,55000,Petrol
536,580,580,Tata Manza Aqua,Tata,2014,160000,200000,Diesel
537,581,581,Renault Kwid 1.0,Renault,2018,290000,2137,Petrol
538,582,582,Tata Venture EX,Tata,2013,100000,30000,Diesel
539,583,583,Maruti Suzuki Swift,Maruti,2014,315000,44000,Petrol
540,584,584,Skoda Octavia Classic,Skoda,2006,114990,65000,Diesel
541,585,585,Maruti Suzuki Omni,Maruti,2012,120000,160000,LPG
542,586,586,Chevrolet Beat Diesel,Chevrolet,2011,125000,56000,Diesel
543,587,587,Tata Sumo Gold,Tata,2012,210000,75000,Diesel
544,588,588,Hyundai Verna 1.6,Hyundai,2018,855000,42000,Diesel
545,589,589,Tata Sumo Gold,Tata,2012,210000,75000,Diesel
546,590,590,Mahindra Scorpio 2.6,Mahindra,2007,260000,56000,Diesel
548,592,592,Maruti Suzuki Swift,Maruti,2011,255000,64000,Petrol
549,593,593,Mahindra Scorpio SLX,Mahindra,2008,300000,70000,Diesel
550,594,594,Hyundai Grand i10,Hyundai,2014,340000,25000,Petrol
551,595,595,Hyundai Elite i20,Hyundai,2017,550000,15000,Petrol
552,596,596,Ford Ikon 1.6,Ford,2003,60000,50000,Petrol
553,597,597,Toyota Innova 2.5,Toyota,2011,750000,147000,Diesel
554,599,599,Chevrolet Beat LT,Chevrolet,2012,130000,90001,Diesel
555,600,600,Maruti Suzuki Alto,Maruti,2017,270000,21000,Petrol
556,601,601,Maruti Suzuki Swift,Maruti,2012,280000,48006,Diesel
557,602,602,Maruti Suzuki Swift,Maruti,2012,280000,48006,Diesel
558,603,603,Maruti Suzuki Swift,Maruti,2012,280000,48006,Diesel
559,604,604,Toyota Innova 2.0,Toyota,2012,600000,80000,Diesel
560,605,605,Maruti Suzuki Swift,Maruti,2010,190000,74000,Diesel
561,606,606,Hyundai Elite i20,Hyundai,2015,500000,22000,Petrol
562,607,607,Mahindra XUV500 W10,Mahindra,2016,1065000,41000,Diesel
563,608,608,Volkswagen Polo Trendline,Volkswagen,2015,350000,25000,Diesel
564,609,609,Toyota Etios Liva,Toyota,2012,350000,85000,Diesel
565,610,610,Mahindra TUV300 T4,Mahindra,2016,540000,29500,Diesel
566,611,611,Hyundai Elite i20,Hyundai,2015,470000,30000,Petrol
567,612,612,Hyundai Santro Xing,Hyundai,2014,179000,57000,Petrol
568,613,613,Maruti Suzuki Zen,Maruti,2003,48000,60000,Petrol
569,614,614,Maruti Suzuki Ciaz,Maruti,2016,650000,50000,Petrol
570,615,615,Hyundai Eon Era,Hyundai,2013,190000,39700,Petrol
571,616,616,Hyundai Elantra 1.8,Hyundai,2012,500000,65000,Petrol
572,617,617,Maruti Suzuki Swift,Maruti,2010,270000,67000,Diesel
573,618,618,Maruti Suzuki Zen,Maruti,2008,125000,46000,Petrol
574,619,619,Hyundai Eon Era,Hyundai,2012,188000,38000,Petrol
575,620,620,Hyundai Grand i10,Hyundai,2016,380000,27000,Petrol
576,621,621,Hyundai Verna Fluidic,Hyundai,2011,365000,43000,Diesel
577,622,622,Ford EcoSport Trend,Ford,2014,465000,47000,Petrol
578,623,623,Hyundai i20 Magna,Hyundai,2011,240000,42000,Petrol
579,624,624,Chevrolet Beat Diesel,Chevrolet,2016,179999,19336,Diesel
580,625,625,Tata Indica eV2,Tata,2015,140000,60105,Diesel
582,629,629,Maruti Suzuki Swift,Maruti,2015,475000,22000,Petrol
583,631,631,Maruti Suzuki S,Maruti,2016,615000,21000,Diesel
584,632,632,Maruti Suzuki Ertiga,Maruti,2013,475000,48000,Diesel
585,633,633,Maruti Suzuki Alto,Maruti,2016,270000,38000,Petrol
586,634,634,Honda City SV,Honda,2014,475000,34000,Diesel
587,635,635,Volkswagen Vento Comfortline,Volkswagen,2011,240000,45933,Petrol
588,636,636,Honda City 1.5,Honda,2005,120000,68000,Petrol
590,638,638,Mahindra KUV100,Mahindra,2017,360000,35000,Diesel
591,639,639,Tata Zest XE,Tata,2018,450000,102563,Diesel
592,640,640,Mahindra XUV500 W8,Mahindra,2015,900000,28600,Diesel
593,641,641,Maruti Suzuki Swift,Maruti,2017,650000,41800,Diesel
594,642,642,Tata Sumo Gold,Tata,2014,275000,116000,Diesel
595,643,643,Maruti Suzuki Swift,Maruti,2009,210000,59000,Petrol
596,644,644,Mahindra Scorpio 2.6,Mahindra,2004,175000,58000,Diesel
597,645,645,Maruti Suzuki Omni,Maruti,2009,85000,45000,Petrol
598,647,647,Renault Duster,Renault,2014,800000,7400,Diesel
599,648,648,Volkswagen Jetta Comfortline,Volkswagen,2009,450000,54500,Diesel
600,649,649,Maruti Suzuki Ertiga,Maruti,2012,1000000,200000,Diesel
602,652,652,Toyota Corolla Altis,Toyota,2014,790000,29000,Petrol
603,654,654,Chevrolet Beat LT,Chevrolet,2012,135000,36000,Petrol
604,658,658,Mahindra Scorpio SLX,Mahindra,2004,175000,60000,Diesel
605,659,659,Volkswagen Vento Comfortline,Volkswagen,2011,200000,95000,Diesel
606,660,660,Tata Indigo CS,Tata,2017,270000,50000,Diesel
607,661,661,Ford Figo Petrol,Ford,2019,525000,0,Petrol
608,662,662,Honda City ZX,Honda,2006,180000,50000,Petrol
609,663,663,Maruti Suzuki Wagon,Maruti,2008,140000,68000,Petrol
610,664,664,Ford EcoSport Trend,Ford,2014,400000,16000,Petrol
611,665,665,Maruti Suzuki Swift,Maruti,2016,499000,51000,Diesel
612,666,666,Maruti Suzuki Omni,Maruti,2009,85000,56000,Petrol
613,667,667,Maruti Suzuki Zen,Maruti,2004,70000,100000,Petrol
614,668,668,Renault Duster RxL,Renault,2015,550000,36000,Petrol
615,669,669,Maruti Suzuki Swift,Maruti,2014,370000,11523,Petrol
616,670,670,Maruti Suzuki Baleno,Maruti,2018,690000,1000,Petrol
617,671,671,Honda WR V,Honda,2009,250000,60000,Petrol
618,672,672,Tata Indigo CS,Tata,2016,110000,85000,Diesel
619,673,673,Renault Duster 110,Renault,2013,490000,38600,Diesel
620,674,674,Mahindra Scorpio LX,Mahindra,2009,320000,95500,Diesel
621,675,675,Maruti Suzuki Zen,Maruti,2004,68000,56000,Petrol
622,676,676,Maruti Suzuki Wagon,Maruti,2014,130000,37458,Petrol
623,677,677,Maruti Suzuki SX4,Maruti,2016,970000,85960,Diesel
624,679,679,Hyundai Eon D,Hyundai,2018,280000,35000,Petrol
625,680,680,Maruti Suzuki Zen,Maruti,2009,125000,0,Petrol
626,681,681,Mahindra Scorpio SLX,Mahindra,2008,285000,80000,Diesel
627,682,682,Hyundai Santro AE,Hyundai,2011,165000,45000,Petrol
628,683,683,Maruti Suzuki Swift,Maruti,2009,250000,51000,Diesel
629,684,684,Mahindra Scorpio S4,Mahindra,2015,865000,30000,Diesel
630,685,685,Mahindra Xylo D2,Mahindra,2011,390000,48000,Diesel
631,686,686,Hyundai Santro,Hyundai,2003,60000,51000,Petrol
632,687,687,Chevrolet Beat LT,Chevrolet,2015,215000,90000,Diesel
633,688,688,Maruti Suzuki Swift,Maruti,2015,475000,43000,Diesel
634,689,689,Mahindra XUV500 W8,Mahindra,2015,899000,53000,Diesel
636,691,691,Maruti Suzuki Alto,Maruti,2013,240000,20000,Petrol
637,692,692,Hyundai Getz GLE,Hyundai,2007,99000,55000,Petrol
638,693,693,Maruti Suzuki Swift,Maruti,2014,260000,120000,Diesel
640,695,695,Hyundai Santro Xing,Hyundai,2007,115000,46000,Petrol
641,696,696,Hyundai Santro Xing,Hyundai,2009,88000,43200,Petrol
642,697,697,Mahindra Xylo D2,Mahindra,2011,390000,56000,Diesel
643,698,698,Hyundai Santro Xing,Hyundai,2007,135000,42000,Petrol
644,699,699,Tata Indica V2,Tata,2009,90000,30600,Diesel
645,700,700,Hyundai i10 Sportz,Hyundai,2011,220000,38000,Petrol
646,701,701,Hyundai Grand i10,Hyundai,2017,424999,2550,Petrol
647,702,702,Hyundai Santro Xing,Hyundai,2007,135000,47000,Petrol
648,703,703,Honda City 1.5,Honda,2005,95000,41000,Petrol
649,705,705,Honda City 1.5,Honda,2005,115000,68000,Petrol
650,706,706,Maruti Suzuki Alto,Maruti,2015,215000,50000,Petrol
651,707,707,Maruti Suzuki Wagon,Maruti,2004,53000,69000,Petrol
652,708,708,Maruti Suzuki Ertiga,Maruti,2012,500000,48000,Diesel
653,709,709,Tata Indica eV2,Tata,2012,85000,55000,Diesel
654,710,710,Maruti Suzuki Omni,Maruti,2013,165000,25000,Petrol
655,711,711,Hyundai Eon Era,Hyundai,2014,200000,28400,Petrol
656,712,712,Hyundai Eon,Hyundai,2014,200000,28000,Petrol
657,713,713,Maruti Suzuki Swift,Maruti,2015,425000,42000,Diesel
658,714,714,Hyundai Verna 1.6,Hyundai,2012,600000,29000,Diesel
659,715,715,Chevrolet Tavera LS,Chevrolet,2005,130000,68485,Diesel
660,716,716,Tata Tiago Revotron,Tata,2018,430000,3500,Petrol
661,717,717,Tata Tiago Revotorq,Tata,2019,568500,0,Petrol
662,718,718,Maruti Suzuki Zen,Maruti,2006,71000,32000,Petrol
663,719,719,Mahindra KUV100 K8,Mahindra,2018,560000,8000,Diesel
664,720,720,Ford EcoSport Titanium,Ford,2014,590000,34000,Diesel
665,722,722,Ford Fusion 1.4,Ford,2007,125000,85455,Diesel
666,723,723,Hyundai Santro Xing,Hyundai,2007,135000,46000,Petrol
668,726,726,Ford Ikon 1.3,Ford,2008,95000,46000,Petrol
669,727,727,Maruti Suzuki Omni,Maruti,2017,240000,8000,Petrol
670,728,728,Tata Indica V2,Tata,2012,115000,64000,Diesel
671,729,729,Mahindra Scorpio S4,Mahindra,2015,795000,63000,Diesel
672,730,730,Hyundai Santro Xing,Hyundai,2007,55000,65000,Petrol
673,731,731,Mahindra Xylo D2,Mahindra,2009,300000,62000,Diesel
674,732,732,Hyundai Grand i10,Hyundai,2014,320000,41000,Petrol
675,733,733,Maruti Suzuki Alto,Maruti,2015,265000,14000,Petrol
676,734,734,Toyota Corolla,Toyota,2006,160000,40000,Petrol
677,735,735,Hyundai Eon Magna,Hyundai,2017,300000,1600,Petrol
678,736,736,Tata Sumo Grande,Tata,2010,130000,90000,Diesel
679,737,737,Maruti Suzuki Swift,Maruti,2011,250000,58000,Diesel
680,738,738,Volkswagen Polo Highline1.2L,Volkswagen,2013,380000,27000,Petrol
681,739,739,Maruti Suzuki Alto,Maruti,2003,42000,60000,Petrol
682,740,740,Tata Tiago Revotron,Tata,2017,400000,31000,Petrol
683,741,741,Maruti Suzuki Swift,Maruti,2009,120000,90000,Diesel
684,742,742,Maruti Suzuki Swift,Maruti,2009,120000,90000,Diesel
685,743,743,Tata Indigo eCS,Tata,2016,130000,150000,Diesel
686,744,744,Chevrolet Beat LS,Chevrolet,2014,189000,31000,Diesel
687,745,745,Mahindra Xylo E8,Mahindra,2011,365000,43000,Diesel
688,746,746,Hyundai Eon D,Hyundai,2013,170000,20000,Petrol
689,747,747,Tata Sumo Gold,Tata,2013,215000,100000,Petrol
690,748,748,Tata Nano,Tata,2013,60000,7000,Petrol
691,749,749,Hyundai Elite i20,Hyundai,2017,599999,31000,Petrol
692,750,750,Hyundai i10 Magna,Hyundai,2009,400000,33000,Petrol
693,751,751,Hyundai Creta,Hyundai,2016,900000,60000,Diesel
694,752,752,Volkswagen Polo,Volkswagen,2013,299999,48000,Diesel
695,753,753,Maruti Suzuki Dzire,Maruti,2014,374999,33000,Petrol
696,754,754,Tata Bolt XM,Tata,2015,600000,15000,Petrol
697,755,755,Maruti Suzuki Alto,Maruti,2005,70000,47000,Petrol
698,756,756,Maruti Suzuki Alto,Maruti,2005,100000,40000,Petrol
699,757,757,Maruti Suzuki Ritz,Maruti,2010,150000,38000,Diesel
700,758,758,Maruti Suzuki Alto,Maruti,2017,225000,12500,Petrol
701,759,759,Maruti Suzuki Dzire,Maruti,2009,210000,42000,Petrol
702,760,760,Hyundai i20 Asta,Hyundai,2014,425000,31000,Petrol
703,761,761,Maruti Suzuki Swift,Maruti,2008,162000,60000,Diesel
704,762,762,Tata Indica V2,Tata,2005,60000,80000,Diesel
705,763,763,Mahindra Scorpio VLX,Mahindra,2014,650000,77000,Diesel
706,764,764,Toyota Innova 2.5,Toyota,2012,750000,75000,Diesel
707,765,765,Mahindra Xylo E8,Mahindra,2010,375000,40000,Diesel
708,766,766,Hyundai i20 Magna,Hyundai,2011,230000,47000,Petrol
710,768,768,Mahindra KUV100,Mahindra,2016,380000,26500,Petrol
711,769,769,Mahindra KUV100 K8,Mahindra,2019,560000,2875,Petrol
712,772,772,Tata Indica V2,Tata,2005,39999,80000,Diesel
713,773,773,Hyundai Santro Xing,Hyundai,2006,85000,60000,Petrol
714,774,774,Maruti Suzuki Wagon,Maruti,2016,395000,20000,Petrol
715,775,775,Maruti Suzuki Swift,Maruti,2008,175000,58000,Diesel
716,776,776,Maruti Suzuki Alto,Maruti,2019,400000,1500,Petrol
717,777,777,Toyota Innova 2.5,Toyota,2011,750000,75000,Diesel
718,778,778,Maruti Suzuki Alto,Maruti,2016,250000,2450,Petrol
719,779,779,Maruti Suzuki Alto,Maruti,2019,425000,1625,Petrol
720,780,780,Volkswagen Polo Highline1.2L,Volkswagen,2017,525000,45000,Petrol
721,781,781,Mahindra Logan,Mahindra,2009,130000,65000,Diesel
722,783,783,Mahindra Scorpio,Mahindra,2011,475000,60123,Diesel
723,784,784,Chevrolet Sail 1.2,Chevrolet,2013,300000,28000,Petrol
724,785,785,Hyundai Santro AE,Hyundai,2003,60000,70000,Petrol
725,786,786,Maruti Suzuki Wagon,Maruti,2006,100000,7000,Petrol
726,787,787,Hyundai Eon,Hyundai,2018,260000,25000,Petrol
727,788,788,Tata Manza,Tata,2015,100000,100000,Diesel
728,789,789,Toyota Etios G,Toyota,2013,265000,42000,Petrol
729,790,790,Hyundai Getz Prime,Hyundai,2009,115000,20000,Petrol
730,791,791,Toyota Qualis,Toyota,2003,180000,100000,Diesel
731,792,792,Hyundai Santro Xing,Hyundai,2004,45000,137495,Petrol
732,793,793,Tata Indica eV2,Tata,2016,50500,91200,Diesel
733,794,794,Honda City 1.5,Honda,2009,270000,55000,Petrol
734,795,795,Tata Zest XE,Tata,2017,290000,120000,Diesel
735,796,796,Mahindra Quanto C4,Mahindra,2013,325000,63000,Diesel
736,797,797,Tata Indigo eCS,Tata,2016,160000,104000,Diesel
737,798,798,Maruti Suzuki Swift,Maruti,2016,350000,146000,Diesel
738,799,799,Hyundai Elite i20,Hyundai,2011,290000,40000,Petrol
739,800,800,Hyundai i20 Select,Hyundai,2011,290000,40000,Petrol
740,801,801,Chevrolet Tavera Neo,Chevrolet,2007,465000,100800,Diesel
741,802,802,Maruti Suzuki Dzire,Maruti,2016,325000,150000,Diesel
742,803,803,Hyundai Elite i20,Hyundai,2018,510000,2100,Petrol
743,804,804,Honda City VX,Honda,2016,860000,95000,Petrol
744,805,805,Maruti Suzuki Dzire,Maruti,2016,450000,2500,Diesel
745,806,806,Hyundai Getz,Hyundai,2006,125000,80000,Petrol
746,808,808,Maruti Suzuki Alto,Maruti,2005,95000,65000,Petrol
747,809,809,Maruti Suzuki Swift,Maruti,2009,250000,51000,Diesel
748,810,810,Skoda Fabia,Skoda,2009,110000,45000,Petrol
749,811,811,Maruti Suzuki Ritz,Maruti,2011,270000,50000,Petrol
750,812,812,Tata Indica V2,Tata,2009,110000,30000,Diesel
751,813,813,Toyota Corolla Altis,Toyota,2009,300000,132000,Petrol
752,814,814,Tata Zest XM,Tata,2018,260000,27000,Diesel
753,815,815,Mahindra Quanto C8,Mahindra,2013,390000,40000,Diesel
